timestamp,humains,velos
15:31:46,1,0
15:31:46,2,1
15:31:47,4,3
15:31:47,6,4
15:31:47,8,5
15:31:47,9,5
15:31:47,11,7
15:31:48,11,7
15:31:48,13,7
15:31:48,14,9
15:31:48,16,10
15:31:48,18,10
15:31:49,19,12
15:31:49,20,12
15:31:49,20,13
15:31:49,22,13
15:31:49,24,15
15:31:50,26,16
15:31:50,28,18
15:31:50,30,19
15:31:50,32,19
15:31:50,34,19
15:31:51,36,20
15:31:51,38,22
15:31:51,39,24
15:31:51,40,24
15:31:51,40,24
15:31:52,41,24
15:31:52,42,26
15:31:52,42,28
15:31:52,42,30
15:31:52,44,30
15:31:53,44,31
15:31:53,45,33
15:31:53,47,34
15:31:53,47,34
15:31:53,49,34
15:31:54,51,35
15:31:54,52,37
15:31:54,52,38
15:31:54,53,38
15:31:54,55,38
15:31:55,56,39
15:31:55,56,41
15:31:55,56,42
15:31:55,58,42
15:31:55,58,44
15:31:56,58,46
15:31:56,60,48
15:31:56,61,49
15:31:56,63,50
15:31:56,64,52
15:31:57,66,52
15:31:57,67,52
15:31:57,67,54
15:31:57,69,54
15:31:58,70,56
15:31:58,71,57
15:31:58,73,59
15:31:58,75,59
15:31:58,76,60
15:31:59,76,61
15:31:59,78,63
15:31:59,80,65
15:31:59,82,66
15:31:59,82,67
15:32:00,82,67
15:32:00,84,67
15:32:00,86,69
15:32:00,86,70
15:32:00,86,71
15:32:01,87,73
15:32:01,89,74
15:32:01,90,75
15:32:01,92,76
15:32:01,92,78
15:32:02,92,80
15:32:02,93,81
15:32:02,93,83
15:32:02,93,84
15:32:02,95,84
15:32:03,95,84
15:32:03,97,86
15:32:03,99,86
15:32:03,101,88
15:32:03,102,88
15:32:04,103,90
15:32:04,104,90
15:32:04,104,90
15:32:04,106,91
15:32:04,107,93
15:32:05,108,95
15:32:05,109,97
15:32:05,109,97
15:32:05,110,97
15:32:05,112,98
15:32:06,112,100
15:32:06,112,100
15:32:06,113,101
15:32:06,115,101
15:32:06,117,102
15:32:07,118,102
15:32:07,120,102
15:32:07,122,103
15:32:07,122,104
15:32:08,122,105
15:32:08,123,106
15:32:08,123,107
15:32:08,124,109
15:32:08,125,111
15:32:09,125,111
15:32:09,125,111
15:32:09,125,111
15:32:09,127,113
15:32:09,128,115
15:32:10,130,115
15:32:10,130,115
15:32:10,132,116
15:32:10,132,118
15:32:10,134,120
15:32:11,136,121
15:32:11,138,121
15:32:11,139,123
15:32:11,140,123
15:32:11,140,124
15:32:12,140,126
15:32:12,142,127
15:32:12,142,128
15:32:12,143,128
15:32:12,145,130
15:32:13,146,132
15:32:13,147,133
15:32:13,149,134
15:32:13,150,134
15:32:13,151,135
15:32:14,152,137
15:32:14,154,138
15:32:14,156,138
15:32:14,156,140
15:32:14,158,141
15:32:15,160,143
15:32:15,160,143
15:32:15,160,145
15:32:15,161,147
15:32:15,163,147
15:32:16,164,148
15:32:16,166,150
15:32:16,166,152
15:32:16,167,153
15:32:16,169,154
15:32:17,169,156
15:32:17,170,156
15:32:17,170,156
15:32:17,171,157
15:32:17,172,157
15:32:18,174,158
15:32:18,174,158
15:32:18,175,158
15:32:18,177,159
15:32:19,177,161
15:32:19,179,161
15:32:19,181,161
15:32:19,183,161
15:32:19,184,161
15:32:20,186,162
15:32:20,188,164
15:32:20,188,164
15:32:20,188,166
15:32:20,190,168
15:32:21,190,170
15:32:21,192,170
15:32:21,194,171
15:32:21,195,171
15:32:21,196,171
15:32:22,197,173
15:32:22,198,175
15:32:22,198,176
15:32:22,199,177
15:32:22,201,179
15:32:23,202,181
15:32:23,202,181
15:32:23,204,182
15:32:23,206,184
15:32:23,208,185
15:32:24,210,186
15:32:24,210,186
15:32:24,210,187
15:32:24,210,188
15:32:24,212,189
15:32:25,212,190
15:32:25,212,192
15:32:25,213,194
15:32:25,215,194
15:32:25,215,195
15:32:26,217,196
15:32:26,219,198
15:32:26,221,198
15:32:26,223,199
15:32:27,224,201
15:32:27,225,201
15:32:27,227,202
15:32:27,227,203
15:32:27,228,205
15:32:28,230,207
15:32:28,231,207
15:32:28,231,208
15:32:28,232,210
15:32:28,232,210
15:32:29,234,211
15:32:29,235,211
15:32:29,235,212
15:32:29,236,213
15:32:29,238,214
15:32:30,239,216
15:32:30,241,218
15:32:30,241,218
15:32:30,243,219
15:32:30,245,219
15:32:31,246,221
15:32:31,248,221
15:32:31,248,223
15:32:31,250,223
15:32:31,250,225
15:32:32,250,225
15:32:32,251,226
15:32:32,252,228
15:32:32,254,228
15:32:32,255,228
15:32:33,256,230
15:32:33,257,230
15:32:33,257,230
15:32:33,257,230
15:32:33,259,230
15:32:34,260,231
15:32:34,262,233
15:32:34,262,234
15:32:34,263,235
15:32:34,263,235
15:32:35,264,237
15:32:35,265,239
15:32:35,267,241
15:32:35,269,242
15:32:35,269,242
15:32:36,271,244
15:32:36,272,246
15:32:36,272,247
15:32:36,272,247
15:32:37,273,247
15:32:37,273,247
15:32:37,273,247
15:32:37,275,247
15:32:37,276,247
15:32:38,278,248
15:32:38,280,248
15:32:38,282,249
15:32:38,282,250
15:32:38,282,251
15:32:39,282,252
15:32:39,282,253
15:32:39,283,253
15:32:39,284,255
15:32:39,284,257
15:32:40,286,259
15:32:40,288,261
15:32:40,289,263
15:32:40,289,264
15:32:40,289,264
15:32:41,290,264
15:32:41,292,266
15:32:41,293,268
15:32:41,294,270
15:32:41,294,271
15:32:42,294,273
15:32:42,296,273
15:32:42,298,273
15:32:42,300,274
15:32:42,301,275
15:32:43,301,275
15:32:43,303,276
15:32:43,303,277
15:32:43,304,279
15:32:43,304,281
15:32:44,306,282
15:32:44,306,283
15:32:44,307,284
15:32:44,307,285
15:32:44,309,287
15:32:45,310,287
15:32:45,311,288
15:32:45,311,289
15:32:45,312,289
15:32:45,313,290
15:32:46,314,290
15:32:46,316,290
15:32:46,317,290
15:32:46,319,291
15:32:46,321,293
15:32:47,321,295
15:32:47,323,296
15:32:47,325,298
15:32:47,326,298
15:32:48,327,299
15:32:48,327,300
15:32:48,328,302
15:32:48,328,302
15:32:48,330,303
15:32:49,332,304
15:32:49,332,305
15:32:49,333,305
15:32:49,335,305
15:32:49,337,307
15:32:50,337,307
15:32:50,339,309
15:32:50,340,311
15:32:50,341,313
15:32:50,341,313
15:32:51,342,313
15:32:51,342,314
15:32:51,343,314
15:32:51,344,315
15:32:51,345,316
15:32:52,347,317
15:32:52,347,317
15:32:52,348,319
15:32:52,348,320
15:32:52,350,321
15:32:53,350,322
15:32:53,351,323
15:32:53,351,324
15:32:53,353,326
15:32:53,353,326
15:32:54,354,328
15:32:54,355,328
15:32:54,356,330
15:32:54,358,331
15:32:54,359,332
15:32:55,359,334
15:32:55,361,336
15:32:55,361,337
15:32:55,361,337
15:32:55,362,337
15:32:56,363,338
15:32:56,363,340
15:32:56,363,341
15:32:56,364,343
15:32:56,364,343
15:32:57,364,345
15:32:57,364,345
15:32:57,365,346
15:32:57,365,347
15:32:58,366,348
15:32:58,367,350
15:32:58,368,352
15:32:58,369,354
15:32:58,370,355
15:32:59,370,355
15:32:59,371,356
15:32:59,373,356
15:32:59,375,356
15:32:59,376,356
15:33:00,376,358
15:33:00,376,359
15:33:00,377,360
15:33:00,377,360
15:33:00,379,362
15:33:01,379,363
15:33:01,380,364
15:33:01,381,364
15:33:01,382,365
15:33:01,384,365
15:33:02,385,365
15:33:02,386,367
15:33:02,387,367
15:33:02,387,369
15:33:02,389,370
15:33:03,391,371
15:33:03,393,371
15:33:03,395,371
15:33:03,397,372
15:33:03,399,374
15:33:04,399,375
15:33:04,401,375
15:33:04,402,376
15:33:04,403,377
15:33:04,405,378
15:33:05,405,379
15:33:05,407,380
15:33:05,409,381
15:33:05,410,382
15:33:06,412,384
15:33:06,413,386
15:33:06,414,388
15:33:06,416,390
15:33:06,417,392
15:33:07,419,394
15:33:07,420,395
15:33:07,422,397
15:33:07,423,397
15:33:07,423,397
15:33:08,425,398
15:33:08,425,399
15:33:08,427,399
15:33:08,428,400
15:33:08,429,400
15:33:09,430,400
15:33:09,432,401
15:33:09,433,403
15:33:09,434,404
15:33:09,435,406
15:33:10,435,407
15:33:10,437,409
15:33:10,437,411
15:33:10,439,411
15:33:10,441,411
15:33:11,442,413
15:33:11,444,415
15:33:11,445,415
15:33:11,445,416
15:33:11,445,418
15:33:12,447,420
15:33:12,449,421
15:33:12,449,423
15:33:12,449,424
15:33:12,450,426
15:33:13,451,427
15:33:13,453,427
15:33:13,455,428
15:33:13,456,428
15:33:13,457,430
15:33:14,458,431
15:33:14,459,432
15:33:14,461,434
15:33:14,461,436
15:33:14,462,438
15:33:15,462,438
15:33:15,462,440
15:33:15,463,442
15:33:15,464,444
15:33:16,465,445
15:33:16,466,445
15:33:16,468,447
15:33:16,470,447
15:33:16,470,447
15:33:17,470,447
15:33:17,470,447
15:33:17,471,448
15:33:17,471,449
15:33:17,473,451
15:33:18,473,451
15:33:18,473,453
15:33:18,473,454
15:33:18,474,455
15:33:18,475,456
15:33:19,475,457
15:33:19,477,459
15:33:19,478,459
15:33:19,479,461
15:33:19,479,462
15:33:20,479,462
15:33:20,479,463
15:33:20,481,465
15:33:20,483,466
15:33:20,485,466
15:33:21,487,467
15:33:21,488,469
15:33:21,488,469
15:33:21,490,471
15:33:21,490,473
15:33:22,490,474
15:33:22,492,475
15:33:22,492,477
15:33:22,493,477
15:33:22,495,477
15:33:23,497,477
15:33:23,497,479
15:33:23,498,480
15:33:23,499,482
15:33:23,499,484
15:33:24,500,486
15:33:24,501,486
15:33:24,501,486
15:33:24,503,487
15:33:24,503,487
15:33:25,505,487
15:33:25,506,488
15:33:25,506,489
15:33:25,508,489
15:33:25,509,490
15:33:26,509,490
15:33:26,511,491
15:33:26,513,493
15:33:26,514,493
15:33:27,515,494
15:33:27,516,496
15:33:27,517,496
15:33:27,517,497
15:33:27,519,497
15:33:28,520,497
15:33:28,521,498
15:33:28,521,498
15:33:28,522,500
15:33:28,524,502
15:33:29,525,504
15:33:29,525,504
15:33:29,525,504
15:33:29,526,506
15:33:29,528,506
15:33:30,528,506
15:33:30,529,507
15:33:30,530,508
15:33:30,530,509
15:33:30,532,509
15:33:31,532,510
15:33:31,533,510
15:33:31,534,510
15:33:31,536,512
15:33:31,537,512
15:33:32,537,512
15:33:32,537,512
15:33:32,538,512
15:33:32,538,514
15:33:32,538,516
15:33:33,538,516
15:33:33,539,516
15:33:33,541,516
15:33:33,542,517
15:33:33,542,519
15:33:34,543,521
15:33:34,545,523
15:33:34,546,524
15:33:34,547,524
15:33:34,547,526
15:33:35,548,527
15:33:35,549,527
15:33:35,551,528
15:33:35,553,530
15:33:35,555,531
15:33:36,555,532
15:33:36,555,532
15:33:36,555,533
15:33:36,557,533
15:33:36,558,534
15:33:37,560,534
15:33:37,561,534
15:33:37,563,535
15:33:37,565,536
15:33:37,567,537
15:33:38,567,537
15:33:38,568,537
15:33:38,570,538
15:33:38,570,539
15:33:39,572,539
15:33:39,573,539
15:33:39,574,540
15:33:39,576,541
15:33:39,578,541
15:33:40,580,542
15:33:40,581,544
15:33:40,583,546
15:33:40,584,546
15:33:40,586,547
15:33:41,586,549
15:33:41,587,550
15:33:41,587,550
15:33:41,588,550
15:33:41,588,550
15:33:42,589,552
15:33:42,589,552
15:33:42,590,552
15:33:42,591,552
15:33:42,591,554
15:33:43,593,556
15:33:43,593,557
15:33:43,593,557
15:33:43,593,559
15:33:43,593,560
15:33:44,593,561
15:33:44,593,563
15:33:44,595,563
15:33:44,597,563
15:33:44,599,565
15:33:45,599,565
15:33:45,599,567
15:33:45,599,569
15:33:45,599,570
15:33:45,601,570
15:33:46,602,571
15:33:46,602,573
15:33:46,604,575
15:33:46,604,576
15:33:46,604,576
15:33:47,604,576
15:33:47,606,578
15:33:47,606,580
15:33:47,606,582
15:33:47,606,584
15:33:48,606,586
15:33:48,607,586
15:33:48,608,587
15:33:48,610,589
15:33:48,610,589
15:33:49,610,589
15:33:49,612,591
15:33:49,613,591
15:33:49,615,593
15:33:50,617,593
15:33:50,619,593
15:33:50,621,595
15:33:50,622,596
15:33:50,623,597
15:33:51,624,598
15:33:51,625,600
15:33:51,625,601
15:33:51,625,602
15:33:51,625,603
15:33:52,625,604
15:33:52,626,605
15:33:52,628,606
15:33:52,630,607
15:33:52,630,607
15:33:53,630,609
15:33:53,630,609
15:33:53,632,611
15:33:53,633,613
15:33:53,633,613
15:33:54,634,615
15:33:54,635,615
15:33:54,635,616
15:33:54,635,618
15:33:54,635,618
15:33:55,635,620
15:33:55,635,620
15:33:55,637,622
15:33:55,637,623
15:33:55,637,623
15:33:56,638,624
15:33:56,640,625
15:33:56,642,627
15:33:56,644,629
15:33:56,644,629
15:33:57,645,629
15:33:57,645,630
15:33:57,646,631
15:33:57,647,632
15:33:57,647,632
15:33:58,649,633
15:33:58,650,633
15:33:58,651,634
15:33:58,653,635
15:33:59,653,635
15:33:59,654,636
15:33:59,656,637
15:33:59,658,637
15:33:59,659,639
15:34:00,660,639
15:34:00,662,640
15:34:00,664,641
15:34:00,664,643
15:34:00,666,643
15:34:01,667,644
15:34:01,667,645
15:34:01,669,646
15:34:01,669,647
15:34:01,671,647
15:34:02,673,647
15:34:02,673,648
15:34:02,674,650
15:34:02,674,651
15:34:02,676,653
15:34:03,678,653
15:34:03,680,653
15:34:03,680,653
15:34:03,680,653
15:34:03,681,653
15:34:04,683,655
15:34:04,684,656
15:34:04,684,658
15:34:04,686,659
15:34:04,688,659
15:34:05,688,660
15:34:05,689,661
15:34:05,689,662
15:34:05,690,662
15:34:05,690,663
15:34:06,692,663
15:34:06,693,665
15:34:06,693,665
15:34:06,695,666
15:34:06,697,667
15:34:07,698,667
15:34:07,698,667
15:34:07,698,667
15:34:07,699,669
15:34:07,701,670
15:34:08,703,670
15:34:08,705,670
15:34:08,705,671
15:34:08,707,671
15:34:09,707,671
15:34:09,709,673
15:34:09,709,674
15:34:09,710,675
15:34:09,711,676
15:34:10,712,676
15:34:10,714,676
15:34:10,716,676
15:34:10,716,677
15:34:10,718,679
15:34:11,720,680
15:34:11,720,681
15:34:11,722,681
15:34:11,724,682
15:34:11,725,683
15:34:12,725,685
15:34:12,725,686
15:34:12,727,688
15:34:12,728,688
15:34:12,728,689
15:34:13,730,691
15:34:13,731,693
15:34:13,733,693
15:34:13,733,693
15:34:13,734,693
15:34:14,735,695
15:34:14,737,696
15:34:14,737,698
15:34:14,737,699
15:34:14,739,701
15:34:15,740,703
15:34:15,741,705
15:34:15,742,707
15:34:15,742,707
15:34:15,743,709
15:34:16,745,709
15:34:16,747,710
15:34:16,748,712
15:34:16,750,713
15:34:16,751,715
15:34:17,753,716
15:34:17,753,716
15:34:17,755,716
15:34:17,757,717
15:34:18,759,717
15:34:18,759,718
15:34:18,761,719
15:34:18,762,719
15:34:18,762,720
15:34:19,763,720
15:34:19,765,722
15:34:19,767,722
15:34:19,767,723
15:34:19,767,724
15:34:20,769,724
15:34:20,771,724
15:34:20,772,726
15:34:20,774,727
15:34:20,775,729
15:34:21,777,730
15:34:21,777,730
15:34:21,779,732
15:34:21,781,733
15:34:21,781,735
15:34:22,782,736
15:34:22,783,738
15:34:22,784,738
15:34:22,784,738
15:34:22,784,739
15:34:23,785,741
15:34:23,785,743
15:34:23,785,745
15:34:23,786,745
15:34:23,787,747
15:34:24,788,749
15:34:24,790,749
15:34:24,792,750
15:34:24,794,751
15:34:24,795,751
15:34:25,797,751
15:34:25,797,752
15:34:25,799,752
15:34:25,801,752
15:34:25,803,754
15:34:26,804,756
15:34:26,806,757
15:34:26,808,758
15:34:26,809,759
15:34:26,809,759
15:34:27,809,761
15:34:27,809,761
15:34:27,810,762
15:34:27,811,764
15:34:28,813,766
15:34:28,814,766
15:34:28,816,768
15:34:28,816,770
15:34:28,816,771
15:34:29,818,772
15:34:29,818,772
15:34:29,818,773
15:34:29,820,775
15:34:29,821,777
15:34:30,821,777
15:34:30,822,778
15:34:30,824,779
15:34:30,826,780
15:34:30,827,781
15:34:31,828,783
15:34:31,828,784
15:34:31,828,786
15:34:31,828,787
15:34:31,828,788
15:34:32,829,790
15:34:32,831,790
15:34:32,833,792
15:34:32,835,794
15:34:32,836,795
15:34:33,836,795
15:34:33,836,796
15:34:33,836,797
15:34:33,838,798
15:34:33,840,799
15:34:34,842,800
15:34:34,843,802
15:34:34,845,802
15:34:34,845,802
15:34:34,846,804
15:34:35,846,805
15:34:35,847,805
15:34:35,848,805
15:34:35,849,806
15:34:35,851,808
15:34:36,852,808
15:34:36,853,809
15:34:36,855,810
15:34:36,855,810
15:34:36,857,811
15:34:37,859,811
15:34:37,861,813
15:34:37,863,814
15:34:37,865,816
15:34:37,865,816
15:34:38,866,817
15:34:38,867,819
15:34:38,867,820
15:34:38,867,821
15:34:39,869,822
15:34:39,871,822
15:34:39,871,823
15:34:39,873,824
15:34:39,875,826
15:34:40,876,826
15:34:40,876,828
15:34:40,877,828
15:34:40,878,829
15:34:40,880,830
15:34:41,882,830
15:34:41,882,832
15:34:41,884,832
15:34:41,886,834
15:34:41,886,836
15:34:42,887,837
15:34:42,888,837
15:34:42,890,838
15:34:42,891,838
15:34:42,893,838
15:34:43,893,839
15:34:43,895,839
15:34:43,897,840
15:34:43,897,840
15:34:43,897,842
15:34:44,897,842
15:34:44,897,842
15:34:44,898,842
15:34:44,899,844
15:34:44,900,844
15:34:45,902,844
15:34:45,903,844
15:34:45,905,846
15:34:45,906,848
15:34:45,907,849
15:34:46,909,851
15:34:46,911,851
15:34:46,911,853
15:34:46,911,854
15:34:46,912,854
15:34:47,913,856
15:34:47,915,858
15:34:47,917,858
15:34:47,918,858
15:34:47,920,860
15:34:48,920,861
15:34:48,921,863
15:34:48,921,865
15:34:48,921,867
15:34:48,921,868
15:34:49,921,868
15:34:49,922,870
15:34:49,924,871
15:34:49,925,871
15:34:49,927,871
15:34:50,927,871
15:34:50,929,872
15:34:50,929,874
15:34:50,931,875
15:34:51,931,875
15:34:51,932,875
15:34:51,934,876
15:34:51,935,878
15:34:51,937,880
15:34:52,937,880
15:34:52,937,880
15:34:52,938,880
15:34:52,940,881
15:34:52,941,883
15:34:53,942,884
15:34:53,944,886
15:34:53,946,886
15:34:53,948,888
15:34:53,949,890
15:34:54,951,892
15:34:54,952,892
15:34:54,952,893
15:34:54,952,894
15:34:54,954,894
15:34:55,955,895
15:34:55,955,896
15:34:55,955,897
15:34:55,955,899
15:34:55,956,900
15:34:56,957,901
15:34:56,958,902
15:34:56,958,902
15:34:56,958,903
15:34:56,960,905
15:34:57,961,907
15:34:57,962,907
15:34:57,962,908
15:34:57,963,908
15:34:58,965,910
15:34:58,966,910
15:34:58,968,912
15:34:58,969,912
15:34:58,970,914
15:34:59,970,914
15:34:59,970,915
15:34:59,970,916
15:34:59,972,918
15:34:59,973,918
15:35:00,975,919
15:35:00,975,921
15:35:00,977,922
15:35:00,977,923
15:35:00,979,923
15:35:01,981,925
15:35:01,981,927
15:35:01,983,929
15:35:01,984,930
15:35:01,985,931
15:35:02,986,932
15:35:02,988,933
15:35:02,988,935
15:35:02,988,936
15:35:02,990,937
15:35:03,992,939
15:35:03,992,939
15:35:03,992,941
15:35:03,993,943
15:35:03,993,944
15:35:04,993,945
15:35:04,995,947
15:35:04,997,949
15:35:04,999,949
15:35:04,999,949
15:35:05,999,949
15:35:05,1001,951
15:35:05,1001,951
15:35:05,1002,952
15:35:05,1004,954
15:35:06,1006,954
15:35:06,1006,955
15:35:06,1007,956
15:35:06,1007,958
15:35:07,1009,958
15:35:07,1011,958
15:35:07,1011,960
15:35:07,1012,962
15:35:07,1014,963
15:35:08,1015,963
15:35:08,1015,963
15:35:08,1015,963
15:35:08,1015,963
15:35:08,1017,963
15:35:09,1019,965
15:35:09,1021,967
15:35:09,1021,969
15:35:09,1023,970
15:35:09,1024,970
15:35:10,1024,972
15:35:10,1024,974
15:35:10,1024,974
15:35:10,1026,976
15:35:10,1027,976
15:35:11,1028,978
15:35:11,1030,980
15:35:11,1030,980
15:35:11,1032,982
15:35:11,1033,983
15:35:12,1034,983
15:35:12,1034,984
15:35:12,1034,984
15:35:12,1035,986
15:35:12,1035,988
15:35:13,1036,988
15:35:13,1036,988
15:35:13,1037,988
15:35:13,1038,988
15:35:13,1038,988
15:35:14,1039,989
15:35:14,1039,989
15:35:14,1040,991
15:35:14,1040,992
15:35:14,1040,993
15:35:15,1041,993
15:35:15,1041,993
15:35:15,1041,993
15:35:15,1041,993
15:35:15,1041,993
15:35:16,1043,995
15:35:16,1043,995
15:35:16,1044,996
15:35:16,1044,997
15:35:17,1046,998
15:35:17,1047,999
15:35:17,1048,999
15:35:17,1050,1001
15:35:17,1050,1003
15:35:18,1052,1004
15:35:18,1054,1005
15:35:18,1056,1005
15:35:18,1056,1007
15:35:18,1056,1008
15:35:19,1058,1008
15:35:19,1058,1008
15:35:19,1059,1008
15:35:19,1059,1010
15:35:19,1060,1011
15:35:20,1060,1011
15:35:20,1060,1012
15:35:20,1061,1013
15:35:20,1061,1014
15:35:20,1062,1016
15:35:21,1064,1018
15:35:21,1065,1019
15:35:21,1067,1020
15:35:21,1067,1020
15:35:21,1068,1022
15:35:22,1068,1022
15:35:22,1070,1024
15:35:22,1071,1026
15:35:22,1071,1026
15:35:22,1073,1026
15:35:23,1074,1026
15:35:23,1074,1027
15:35:23,1076,1028
15:35:23,1076,1028
15:35:23,1078,1029
15:35:24,1078,1030
15:35:24,1079,1031
15:35:24,1079,1032
15:35:24,1080,1033
15:35:24,1081,1033
15:35:25,1081,1035
15:35:25,1081,1036
15:35:25,1083,1036
15:35:25,1083,1037
15:35:25,1084,1038
15:35:26,1085,1040
15:35:26,1087,1040
15:35:26,1087,1042
15:35:26,1087,1044
15:35:27,1088,1044
15:35:27,1090,1044
15:35:27,1092,1044
15:35:27,1093,1046
15:35:27,1093,1048
15:35:28,1095,1050
15:35:28,1095,1050
15:35:28,1097,1050
15:35:28,1097,1051
15:35:28,1098,1053
15:35:29,1100,1053
15:35:29,1102,1055
15:35:29,1104,1056
15:35:29,1106,1058
15:35:29,1106,1059
15:35:30,1107,1059
15:35:30,1108,1061
15:35:30,1109,1061
15:35:30,1111,1062
15:35:30,1111,1062
15:35:31,1112,1062
15:35:31,1113,1064
15:35:31,1115,1064
15:35:31,1117,1064
15:35:31,1118,1064
15:35:32,1119,1066
15:35:32,1120,1066
15:35:32,1121,1067
15:35:32,1121,1068
15:35:32,1121,1068
15:35:33,1122,1069
15:35:33,1122,1071
15:35:33,1122,1071
15:35:33,1122,1073
15:35:33,1124,1073
15:35:34,1126,1073
15:35:34,1127,1074
15:35:34,1129,1076
15:35:34,1130,1076
15:35:34,1132,1078
15:35:35,1132,1078
15:35:35,1132,1078
15:35:35,1132,1078
15:35:35,1133,1078
15:35:35,1135,1079
15:35:36,1136,1081
15:35:36,1138,1082
15:35:36,1139,1083
15:35:36,1141,1085
15:35:36,1142,1087
15:35:37,1143,1088
15:35:37,1145,1088
15:35:37,1145,1090
15:35:37,1145,1092
15:35:37,1147,1093
15:35:38,1148,1095
15:35:38,1149,1095
15:35:38,1151,1095
15:35:38,1153,1097
15:35:39,1154,1099
15:35:39,1155,1101
15:35:39,1156,1103
15:35:39,1158,1105
15:35:39,1158,1107
15:35:40,1159,1108
15:35:40,1160,1109
15:35:40,1161,1110
15:35:40,1162,1112
15:35:40,1163,1113
15:35:41,1164,1113
15:35:41,1166,1113
15:35:41,1166,1114
15:35:41,1168,1114
15:35:41,1168,1114
15:35:42,1168,1116
15:35:42,1170,1116
15:35:42,1171,1118
15:35:42,1173,1120
15:35:42,1173,1121
15:35:43,1175,1121
15:35:43,1175,1122
15:35:43,1175,1123
15:35:43,1175,1123
15:35:43,1177,1125
15:35:44,1179,1126
15:35:44,1181,1127
15:35:44,1182,1129
15:35:44,1182,1129
15:35:44,1182,1129
15:35:45,1182,1129
15:35:45,1184,1129
15:35:45,1185,1131
15:35:45,1186,1132
15:35:45,1187,1133
15:35:46,1189,1133
15:35:46,1191,1133
15:35:46,1193,1135
15:35:46,1194,1136
15:35:46,1196,1136
15:35:47,1196,1136
15:35:47,1197,1138
15:35:47,1199,1138
15:35:47,1200,1140
15:35:47,1201,1141
15:35:48,1201,1143
15:35:48,1201,1145
15:35:48,1202,1147
15:35:48,1204,1149
15:35:48,1204,1149
15:35:49,1204,1150
15:35:49,1206,1150
15:35:49,1206,1150
15:35:49,1207,1152
15:35:50,1208,1154
15:35:50,1208,1155
15:35:50,1209,1157
15:35:50,1210,1157
15:35:50,1210,1158
15:35:51,1212,1160
15:35:51,1214,1161
15:35:51,1214,1161
15:35:51,1214,1161
15:35:51,1216,1163
15:35:52,1216,1165
15:35:52,1218,1166
15:35:52,1219,1167
15:35:52,1221,1167
15:35:52,1222,1169
15:35:53,1224,1169
15:35:53,1224,1171
15:35:53,1225,1171
15:35:53,1225,1172
15:35:53,1227,1172
15:35:54,1229,1172
15:35:54,1230,1173
15:35:54,1230,1175
15:35:54,1231,1175
15:35:54,1231,1176
15:35:55,1233,1177
15:35:55,1233,1179
15:35:55,1233,1180
15:35:55,1234,1181
15:35:55,1235,1183
15:35:56,1235,1185
15:35:56,1236,1187
15:35:56,1237,1188
15:35:56,1237,1190
15:35:56,1238,1192
15:35:57,1239,1194
15:35:57,1239,1195
15:35:57,1241,1196
15:35:57,1242,1197
15:35:58,1242,1199
15:35:58,1244,1201
15:35:58,1244,1203
15:35:58,1244,1205
15:35:58,1246,1206
15:35:59,1248,1206
15:35:59,1250,1207
15:35:59,1251,1209
15:35:59,1253,1210
15:35:59,1253,1211
15:36:00,1253,1213
15:36:00,1253,1213
15:36:00,1253,1213
15:36:00,1254,1215
15:36:00,1256,1216
15:36:01,1256,1218
15:36:01,1257,1220
15:36:01,1257,1220
15:36:01,1259,1220
15:36:01,1261,1221
15:36:02,1263,1221
15:36:02,1263,1223
15:36:02,1263,1225
15:36:02,1264,1227
15:36:02,1264,1227
15:36:03,1264,1228
15:36:03,1265,1230
15:36:03,1266,1230
15:36:03,1268,1230
15:36:03,1270,1230
15:36:04,1272,1231
15:36:04,1273,1232
15:36:04,1274,1232
15:36:04,1275,1234
15:36:04,1275,1234
15:36:05,1276,1234
15:36:05,1278,1236
15:36:05,1279,1237
15:36:05,1280,1237
15:36:06,1280,1238
15:36:06,1280,1238
15:36:06,1280,1238
15:36:06,1280,1239
15:36:06,1281,1239
15:36:07,1282,1240
15:36:07,1284,1240
15:36:07,1286,1242
15:36:07,1286,1243
15:36:07,1288,1245
15:36:08,1289,1247
15:36:08,1291,1248
15:36:08,1293,1248
15:36:08,1295,1248
15:36:08,1297,1250
15:36:09,1297,1252
15:36:09,1299,1253
15:36:09,1300,1254
15:36:09,1302,1254
15:36:09,1302,1256
15:36:10,1303,1257
15:36:10,1303,1259
15:36:10,1304,1261
15:36:10,1306,1262
15:36:10,1306,1263
15:36:11,1308,1264
15:36:11,1309,1264
15:36:11,1311,1266
15:36:11,1312,1267
15:36:11,1313,1269
15:36:12,1315,1270
15:36:12,1316,1271
15:36:12,1318,1271
15:36:12,1318,1271
15:36:12,1318,1271
15:36:13,1319,1273
15:36:13,1319,1275
15:36:13,1319,1277
15:36:13,1320,1277
15:36:13,1322,1279
15:36:14,1324,1279
15:36:14,1326,1281
15:36:14,1328,1281
15:36:14,1328,1281
15:36:14,1328,1281
15:36:15,1328,1283
15:36:15,1330,1283
15:36:15,1331,1285
15:36:15,1331,1285
15:36:15,1331,1287
15:36:16,1333,1289
15:36:16,1335,1290
15:36:16,1336,1291
15:36:16,1338,1292
15:36:16,1339,1294
15:36:17,1339,1296
15:36:17,1339,1298
15:36:17,1340,1298
15:36:17,1341,1300
15:36:17,1342,1300
15:36:18,1342,1301
15:36:18,1342,1302
15:36:18,1342,1303
15:36:18,1343,1304
15:36:18,1344,1304
15:36:19,1344,1304
15:36:19,1345,1306
15:36:19,1346,1308
15:36:19,1347,1309
15:36:20,1347,1309
15:36:20,1347,1311
15:36:20,1349,1311
15:36:20,1351,1311
15:36:20,1353,1311
15:36:21,1354,1313
15:36:21,1356,1315
15:36:21,1358,1317
15:36:21,1360,1319
15:36:21,1360,1320
15:36:22,1360,1320
15:36:22,1362,1321
15:36:22,1362,1323
15:36:22,1364,1325
15:36:22,1366,1326
15:36:23,1366,1327
15:36:23,1367,1327
15:36:23,1367,1327
15:36:23,1367,1329
15:36:23,1369,1331
15:36:24,1369,1333
15:36:24,1370,1334
15:36:24,1372,1336
15:36:24,1373,1338
15:36:24,1373,1340
15:36:25,1374,1341
15:36:25,1375,1343
15:36:25,1376,1343
15:36:25,1376,1344
15:36:25,1376,1345
15:36:26,1377,1346
15:36:26,1378,1346
15:36:26,1379,1346
15:36:26,1379,1346
15:36:26,1380,1348
15:36:27,1381,1348
15:36:27,1381,1350
15:36:27,1381,1351
15:36:27,1383,1351
15:36:27,1385,1353
15:36:28,1385,1354
15:36:28,1386,1356
15:36:28,1388,1356
15:36:28,1388,1358
15:36:28,1389,1360
15:36:29,1391,1361
15:36:29,1393,1362
15:36:29,1393,1363
15:36:29,1393,1364
15:36:29,1393,1366
15:36:30,1393,1366
15:36:30,1393,1366
15:36:30,1394,1367
15:36:30,1395,1367
15:36:30,1396,1368
15:36:31,1396,1369
15:36:31,1396,1370
15:36:31,1397,1371
15:36:31,1397,1373
15:36:31,1398,1375
15:36:32,1400,1375
15:36:32,1402,1377
15:36:32,1404,1378
15:36:32,1406,1378
15:36:33,1408,1380
15:36:33,1410,1382
15:36:33,1412,1382
15:36:33,1413,1384
15:36:33,1413,1384
15:36:34,1415,1384
15:36:34,1417,1386
15:36:34,1419,1386
15:36:34,1420,1387
15:36:34,1422,1389
15:36:35,1424,1390
15:36:35,1425,1392
15:36:35,1425,1394
15:36:35,1425,1396
15:36:35,1425,1396
15:36:36,1426,1398
15:36:36,1428,1399
15:36:36,1430,1399
15:36:36,1432,1401
15:36:36,1434,1403
15:36:37,1434,1403
15:36:37,1435,1403
15:36:37,1436,1405
15:36:37,1438,1407
15:36:37,1438,1409
15:36:38,1438,1409
15:36:38,1438,1409
15:36:38,1440,1409
15:36:38,1442,1409
15:36:38,1443,1409
15:36:39,1444,1411
15:36:39,1444,1411
15:36:39,1445,1413
15:36:39,1446,1415
15:36:39,1447,1417
15:36:40,1447,1419
15:36:40,1448,1420
15:36:40,1448,1422
15:36:40,1449,1422
15:36:40,1450,1423
15:36:41,1450,1423
15:36:41,1451,1423
15:36:41,1451,1423
15:36:41,1451,1423
15:36:41,1453,1424
15:36:42,1453,1424
15:36:42,1454,1425
15:36:42,1454,1427
15:36:42,1456,1428
15:36:43,1456,1429
15:36:43,1457,1429
15:36:43,1458,1431
15:36:43,1458,1432
15:36:43,1460,1434
15:36:44,1462,1434
15:36:44,1463,1434
15:36:44,1464,1435
15:36:44,1466,1437
15:36:44,1466,1438
15:36:45,1466,1439
15:36:45,1466,1440
15:36:45,1466,1442
15:36:45,1467,1444
15:36:45,1468,1444
15:36:46,1468,1446
15:36:46,1470,1447
15:36:46,1471,1448
15:36:46,1471,1450
15:36:46,1472,1451
15:36:47,1472,1451
15:36:47,1474,1451
15:36:47,1476,1451
15:36:47,1476,1451
15:36:47,1477,1451
15:36:48,1479,1453
15:36:48,1481,1455
15:36:48,1482,1456
15:36:48,1484,1457
15:36:48,1484,1459
15:36:49,1486,1459
15:36:49,1488,1459
15:36:49,1490,1460
15:36:49,1491,1460
15:36:49,1492,1462
15:36:50,1494,1464
15:36:50,1495,1464
15:36:50,1497,1465
15:36:50,1498,1467
15:36:50,1500,1468
15:36:51,1501,1469
15:36:51,1502,1469
15:36:51,1502,1469
15:36:51,1504,1471
15:36:51,1504,1471
15:36:52,1505,1473
15:36:52,1507,1475
15:36:52,1507,1476
15:36:52,1509,1478
15:36:52,1511,1480
15:36:53,1513,1480
15:36:53,1515,1480
15:36:53,1515,1482
15:36:53,1516,1483
15:36:54,1516,1484
15:36:54,1517,1485
15:36:54,1519,1486
15:36:54,1521,1486
15:36:54,1523,1486
15:36:55,1523,1487
15:36:55,1524,1487
15:36:55,1525,1487
15:36:55,1525,1488
15:36:55,1525,1490
15:36:56,1525,1491
15:36:56,1525,1493
15:36:56,1527,1493
15:36:56,1528,1493
15:36:56,1529,1494
15:36:57,1529,1496
15:36:57,1530,1497
15:36:57,1530,1497
15:36:57,1530,1497
15:36:57,1532,1497
15:36:58,1532,1498
15:36:58,1532,1499
15:36:58,1533,1501
15:36:58,1533,1502
15:36:58,1535,1502
15:36:59,1537,1503
15:36:59,1539,1505
15:36:59,1540,1505
15:36:59,1542,1505
15:36:59,1542,1506
15:37:00,1542,1506
15:37:00,1544,1507
15:37:00,1545,1508
15:37:00,1546,1508
15:37:00,1546,1509
15:37:01,1546,1510
15:37:01,1547,1511
15:37:01,1547,1512
15:37:01,1547,1513
15:37:01,1549,1514
15:37:02,1551,1515
15:37:02,1552,1517
15:37:02,1554,1519
15:37:02,1554,1521
15:37:02,1554,1523
15:37:03,1554,1525
15:37:03,1555,1525
15:37:03,1556,1526
15:37:03,1558,1527
15:37:04,1558,1528
15:37:04,1559,1529
15:37:04,1559,1529
15:37:04,1559,1530
15:37:04,1561,1531
15:37:05,1562,1531
15:37:05,1564,1533
15:37:05,1565,1535
15:37:05,1566,1536
15:37:05,1568,1537
15:37:06,1569,1537
15:37:06,1569,1537
15:37:06,1570,1539
15:37:06,1572,1541
15:37:06,1574,1541
15:37:07,1574,1541
15:37:07,1574,1543
15:37:07,1576,1543
15:37:07,1577,1545
15:37:07,1579,1545
15:37:08,1579,1546
15:37:08,1580,1548
15:37:08,1581,1549
15:37:08,1581,1549
15:37:08,1582,1549
15:37:09,1584,1549
15:37:09,1585,1549
15:37:09,1585,1550
15:37:09,1585,1551
15:37:09,1587,1552
15:37:10,1587,1552
15:37:10,1588,1553
15:37:10,1588,1554
15:37:10,1589,1554
15:37:10,1591,1554
15:37:11,1591,1556
15:37:11,1592,1558
15:37:11,1593,1559
15:37:11,1595,1561
15:37:11,1595,1561
15:37:12,1597,1563
15:37:12,1597,1564
15:37:12,1598,1565
15:37:12,1600,1565
15:37:13,1601,1565
15:37:13,1603,1566
15:37:13,1605,1568
15:37:13,1607,1569
15:37:13,1608,1570
15:37:14,1608,1572
15:37:14,1609,1574
15:37:14,1609,1575
15:37:14,1610,1577
15:37:14,1610,1577
15:37:15,1611,1579
15:37:15,1611,1579
15:37:15,1613,1581
15:37:15,1615,1581
15:37:15,1617,1582
15:37:16,1619,1583
15:37:16,1619,1583
15:37:16,1621,1583
15:37:16,1623,1583
15:37:16,1624,1583
15:37:17,1625,1583
15:37:17,1626,1583
15:37:17,1628,1585
15:37:17,1628,1585
15:37:17,1628,1586
15:37:18,1628,1588
15:37:18,1629,1589
15:37:18,1630,1591
15:37:18,1630,1593
15:37:18,1630,1594
15:37:19,1631,1594
15:37:19,1631,1595
15:37:19,1631,1596
15:37:19,1631,1597
15:37:19,1633,1598
15:37:20,1633,1598
15:37:20,1634,1598
15:37:20,1634,1600
15:37:20,1636,1600
15:37:20,1636,1601
15:37:21,1637,1601
15:37:21,1637,1602
15:37:21,1639,1604
15:37:21,1640,1605
15:37:21,1641,1607
15:37:22,1643,1608
15:37:22,1644,1610
15:37:22,1644,1612
15:37:22,1644,1612
15:37:22,1645,1614
15:37:23,1646,1616
15:37:23,1648,1617
15:37:23,1648,1617
15:37:23,1650,1618
15:37:23,1650,1620
15:37:24,1652,1622
15:37:24,1653,1622
15:37:24,1654,1624
15:37:24,1656,1626
15:37:25,1656,1626
15:37:25,1656,1628
15:37:25,1657,1628
15:37:25,1657,1628
15:37:25,1659,1630
15:37:26,1661,1631
15:37:26,1662,1632
15:37:26,1662,1633
15:37:26,1664,1633
15:37:26,1666,1633
15:37:27,1667,1635
15:37:27,1668,1636
15:37:27,1668,1637
15:37:27,1669,1639
15:37:27,1671,1641
15:37:28,1673,1641
15:37:28,1674,1642
15:37:28,1674,1643
15:37:28,1674,1644
15:37:28,1676,1646
15:37:29,1677,1647
15:37:29,1678,1649
15:37:29,1679,1649
15:37:29,1680,1651
15:37:29,1682,1651
15:37:30,1683,1651
15:37:30,1684,1652
15:37:30,1684,1654
15:37:30,1684,1654
15:37:30,1684,1655
15:37:31,1686,1656
15:37:31,1688,1658
15:37:31,1688,1660
15:37:31,1690,1660
15:37:31,1691,1660
15:37:32,1693,1660
15:37:32,1693,1662
15:37:32,1693,1664
15:37:32,1693,1665
15:37:32,1693,1666
15:37:33,1694,1666
15:37:33,1694,1666
15:37:33,1696,1666
15:37:33,1697,1667
15:37:33,1697,1668
15:37:34,1699,1668
15:37:34,1700,1669
15:37:34,1702,1670
15:37:34,1704,1671
15:37:34,1705,1671
15:37:35,1706,1673
15:37:35,1706,1674
15:37:35,1707,1675
15:37:35,1707,1676
15:37:35,1707,1678
15:37:36,1709,1680
15:37:36,1711,1681
15:37:36,1713,1682
15:37:36,1715,1682
15:37:36,1716,1684
15:37:37,1717,1684
15:37:37,1718,1684
15:37:37,1718,1686
15:37:37,1720,1687
15:37:38,1722,1688
15:37:38,1724,1690
15:37:38,1724,1692
15:37:38,1725,1693
15:37:38,1726,1694
15:37:39,1728,1696
15:37:39,1729,1698
15:37:39,1731,1699
15:37:39,1731,1701
15:37:39,1731,1701
15:37:40,1732,1702
15:37:40,1734,1703
15:37:40,1734,1703
15:37:40,1736,1704
15:37:40,1738,1706
15:37:41,1739,1706
15:37:41,1740,1706
15:37:41,1740,1707
15:37:41,1742,1707
15:37:41,1744,1709
15:37:42,1746,1709
15:37:42,1748,1709
15:37:42,1748,1710
15:37:42,1749,1712
15:37:42,1751,1712
15:37:43,1752,1712
15:37:43,1753,1712
15:37:43,1754,1713
15:37:43,1754,1715
15:37:43,1754,1715
15:37:44,1756,1715
15:37:44,1757,1715
15:37:44,1757,1717
15:37:44,1757,1719
15:37:44,1758,1721
15:37:45,1758,1722
15:37:45,1758,1722
15:37:45,1758,1722
15:37:45,1758,1724
15:37:45,1758,1726
15:37:46,1758,1728
15:37:46,1760,1728
15:37:46,1762,1728
15:37:46,1764,1730
15:37:46,1764,1732
15:37:47,1766,1732
15:37:47,1766,1733
15:37:47,1767,1735
15:37:47,1767,1736
15:37:47,1768,1738
15:37:48,1770,1738
15:37:48,1771,1739
15:37:48,1772,1741
15:37:48,1774,1743
15:37:49,1775,1743
15:37:49,1777,1743
15:37:49,1779,1743
15:37:49,1781,1743
15:37:49,1782,1744
15:37:50,1783,1745
15:37:50,1784,1746
15:37:50,1786,1747
15:37:50,1786,1748
15:37:50,1787,1749
15:37:51,1787,1749
15:37:51,1787,1750
15:37:51,1787,1752
15:37:51,1789,1753
15:37:51,1791,1755
15:37:52,1791,1756
15:37:52,1791,1757
15:37:52,1792,1758
15:37:52,1793,1759
15:37:52,1795,1759
15:37:53,1797,1759
15:37:53,1798,1761
15:37:53,1799,1761
15:37:53,1800,1763
15:37:53,1800,1764
15:37:54,1800,1766
15:37:54,1801,1767
15:37:54,1802,1769
15:37:54,1803,1769
15:37:54,1805,1771
15:37:55,1807,1772
15:37:55,1807,1774
15:37:55,1809,1776
15:37:55,1811,1778
15:37:55,1811,1780
15:37:56,1813,1782
15:37:56,1813,1784
15:37:56,1814,1784
15:37:56,1814,1784
15:37:56,1814,1785
15:37:57,1816,1785
15:37:57,1816,1785
15:37:57,1816,1785
15:37:57,1817,1787
15:37:57,1819,1789
15:37:58,1821,1789
15:37:58,1823,1791
15:37:58,1825,1792
15:37:58,1827,1794
15:37:59,1827,1794
15:37:59,1829,1794
15:37:59,1830,1794
15:37:59,1832,1796
15:37:59,1834,1796
15:38:00,1834,1796
15:38:00,1836,1796
15:38:00,1838,1798
15:38:00,1838,1800
15:38:00,1840,1802
15:38:01,1841,1804
15:38:01,1842,1806
15:38:01,1844,1806
15:38:01,1845,1808
15:38:01,1847,1809
15:38:02,1847,1811
15:38:02,1848,1812
15:38:02,1850,1812
15:38:02,1852,1813
15:38:02,1854,1814
15:38:03,1854,1814
15:38:03,1854,1816
15:38:03,1855,1817
15:38:03,1855,1818
15:38:03,1857,1818
15:38:04,1859,1819
15:38:04,1859,1821
15:38:04,1859,1821
15:38:04,1860,1821
15:38:04,1862,1823
15:38:05,1863,1825
15:38:05,1863,1826
15:38:05,1865,1827
15:38:05,1865,1827
15:38:05,1865,1828
15:38:06,1867,1828
15:38:06,1867,1829
15:38:06,1867,1829
15:38:06,1868,1831
15:38:06,1869,1832
15:38:07,1869,1834
15:38:07,1871,1836
15:38:07,1872,1838
15:38:07,1873,1838
15:38:07,1874,1839
15:38:08,1874,1839
15:38:08,1875,1841
15:38:08,1875,1843
15:38:08,1877,1845
15:38:08,1877,1846
15:38:09,1878,1847
15:38:09,1879,1847
15:38:09,1880,1847
15:38:09,1881,1848
15:38:09,1881,1848
15:38:10,1883,1850
15:38:10,1884,1850
15:38:10,1886,1851
15:38:10,1887,1853
15:38:11,1888,1853
15:38:11,1888,1853
15:38:11,1889,1854
15:38:11,1891,1854
15:38:11,1893,1854
15:38:12,1895,1856
15:38:12,1897,1858
15:38:12,1897,1859
15:38:12,1899,1860
15:38:12,1901,1861
15:38:13,1902,1863
15:38:13,1904,1864
15:38:13,1904,1865
15:38:13,1904,1865
15:38:13,1906,1867
15:38:14,1908,1869
15:38:14,1909,1871
15:38:14,1910,1872
15:38:14,1911,1873
15:38:14,1913,1874
15:38:15,1915,1876
15:38:15,1917,1877
15:38:15,1917,1878
15:38:15,1919,1880
15:38:15,1921,1880
15:38:16,1922,1882
15:38:16,1923,1882
15:38:16,1925,1883
15:38:16,1926,1883
15:38:16,1928,1884
15:38:17,1930,1886
15:38:17,1930,1886
15:38:17,1931,1888
15:38:17,1931,1889
15:38:17,1933,1891
15:38:18,1934,1891
15:38:18,1935,1891
15:38:18,1937,1893
15:38:18,1937,1894
15:38:18,1937,1896
15:38:19,1938,1898
15:38:19,1939,1898
15:38:19,1939,1899
15:38:19,1941,1901
15:38:19,1942,1902
15:38:20,1942,1902
15:38:20,1943,1903
15:38:20,1945,1903
15:38:20,1947,1903
15:38:20,1948,1905
15:38:21,1948,1905
15:38:21,1949,1906
15:38:21,1949,1907
15:38:21,1950,1908
15:38:22,1951,1909
15:38:22,1953,1910
15:38:22,1953,1911
15:38:22,1955,1911
15:38:22,1955,1913
15:38:23,1957,1915
15:38:23,1957,1916
15:38:23,1957,1917
15:38:23,1958,1918
15:38:23,1960,1919
15:38:24,1961,1920
15:38:24,1961,1920
15:38:24,1963,1921
15:38:24,1963,1922
15:38:24,1965,1923
15:38:25,1965,1923
15:38:25,1967,1925
15:38:25,1967,1926
15:38:25,1967,1928
15:38:25,1968,1929
15:38:26,1968,1931
15:38:26,1969,1932
15:38:26,1970,1932
15:38:26,1971,1933
15:38:26,1972,1934
15:38:27,1972,1935
15:38:27,1972,1936
15:38:27,1972,1938
15:38:27,1972,1938
15:38:27,1974,1938
15:38:28,1976,1938
15:38:28,1976,1940
15:38:28,1977,1942
15:38:28,1979,1942
15:38:28,1979,1943
15:38:29,1979,1944
15:38:29,1980,1945
15:38:29,1980,1945
15:38:29,1980,1947
15:38:29,1980,1949
15:38:30,1982,1949
15:38:30,1984,1950
15:38:30,1985,1950
15:38:30,1985,1952
15:38:31,1986,1952
15:38:31,1986,1952
15:38:31,1987,1954
15:38:31,1988,1954
15:38:31,1988,1954
15:38:32,1989,1955
15:38:32,1991,1956
15:38:32,1993,1956
15:38:32,1995,1956
15:38:32,1995,1957
15:38:33,1997,1959
15:38:33,1997,1960
15:38:33,1999,1960
15:38:33,2001,1960
15:38:33,2002,1960
15:38:34,2003,1962
15:38:34,2003,1964
15:38:34,2005,1964
15:38:34,2007,1964
15:38:34,2009,1966
15:38:35,2010,1967
15:38:35,2011,1968
15:38:35,2013,1970
15:38:35,2015,1972
15:38:35,2017,1973
15:38:36,2017,1974
15:38:36,2018,1976
15:38:36,2018,1976
15:38:36,2018,1977
15:38:36,2019,1977
15:38:37,2021,1977
15:38:37,2021,1978
15:38:37,2022,1979
15:38:37,2024,1981
15:38:37,2026,1981
15:38:38,2027,1981
15:38:38,2027,1981
15:38:38,2028,1983
15:38:38,2028,1983
15:38:38,2028,1985
15:38:39,2028,1985
15:38:39,2029,1986
15:38:39,2030,1988
15:38:39,2030,1990
15:38:39,2032,1990
15:38:40,2032,1991
15:38:40,2032,1993
15:38:40,2034,1995
15:38:40,2035,1997
15:38:41,2035,1997
15:38:41,2037,1998
15:38:41,2037,1999
15:38:41,2037,2001
15:38:41,2038,2003
15:38:42,2039,2003
15:38:42,2040,2005
15:38:42,2041,2007
15:38:42,2041,2007
15:38:42,2042,2008
15:38:43,2042,2008
15:38:43,2044,2009
15:38:43,2046,2009
15:38:43,2046,2011
15:38:43,2047,2011
15:38:44,2047,2011
15:38:44,2048,2013
15:38:44,2048,2013
15:38:44,2048,2015
15:38:44,2048,2017
15:38:45,2049,2019
15:38:45,2049,2019
15:38:45,2049,2021
15:38:45,2049,2022
15:38:45,2050,2024
15:38:46,2051,2026
15:38:46,2052,2027
15:38:46,2052,2027
15:38:46,2052,2029
15:38:47,2053,2030
15:38:47,2055,2030
15:38:47,2055,2030
15:38:47,2055,2032
15:38:47,2057,2034
15:38:48,2057,2036
15:38:48,2059,2037
15:38:48,2059,2039
15:38:48,2059,2040
15:38:48,2059,2040
15:38:49,2060,2040
15:38:49,2061,2041
15:38:49,2062,2043
15:38:49,2064,2044
15:38:49,2066,2044
15:38:50,2066,2045
15:38:50,2067,2047
15:38:50,2067,2048
15:38:50,2068,2050
15:38:50,2068,2052
15:38:51,2069,2052
15:38:51,2070,2054
15:38:51,2072,2054
15:38:51,2073,2056
15:38:51,2074,2056
15:38:52,2076,2058
15:38:52,2076,2060
15:38:52,2078,2061
15:38:52,2079,2061
15:38:52,2080,2061
15:38:53,2082,2062
15:38:53,2084,2062
15:38:53,2085,2064
15:38:53,2086,2065
15:38:53,2087,2067
15:38:54,2087,2068
15:38:54,2088,2068
15:38:54,2089,2068
15:38:54,2090,2070
15:38:54,2090,2071
15:38:55,2092,2072
15:38:55,2092,2072
15:38:55,2093,2073
15:38:55,2093,2073
15:38:56,2093,2075
15:38:56,2094,2075
15:38:56,2096,2076
15:38:56,2098,2077
15:38:56,2100,2079
15:38:57,2102,2081
15:38:57,2102,2083
15:38:57,2102,2084
15:38:57,2104,2086
15:38:57,2104,2088
15:38:58,2104,2090
15:38:58,2106,2091
15:38:58,2107,2091
15:38:58,2107,2092
15:38:58,2108,2092
15:38:59,2110,2093
15:38:59,2110,2094
15:38:59,2110,2096
15:38:59,2112,2097
15:38:59,2112,2098
15:39:00,2112,2100
15:39:00,2114,2101
15:39:00,2114,2103
15:39:00,2115,2105
15:39:00,2115,2106
15:39:01,2115,2108
15:39:01,2116,2110
15:39:01,2118,2112
15:39:01,2120,2113
15:39:01,2121,2114
15:39:02,2122,2114
15:39:02,2124,2114
15:39:02,2125,2115
15:39:02,2126,2117
15:39:02,2128,2118
15:39:03,2128,2118
15:39:03,2130,2120
15:39:03,2130,2121
15:39:03,2131,2122
15:39:03,2132,2124
15:39:04,2132,2125
15:39:04,2134,2126
15:39:04,2136,2128
15:39:04,2137,2128
15:39:05,2139,2130
15:39:05,2140,2130
15:39:05,2142,2130
15:39:05,2144,2132
15:39:05,2145,2132
15:39:06,2145,2132
15:39:06,2147,2134
15:39:06,2147,2135
15:39:06,2149,2137
15:39:06,2151,2139
15:39:07,2153,2140
15:39:07,2154,2140
15:39:07,2154,2140
15:39:07,2154,2140
15:39:07,2154,2141
15:39:08,2155,2141
15:39:08,2156,2142
15:39:08,2157,2142
15:39:08,2159,2144
15:39:08,2160,2146
15:39:09,2161,2147
15:39:09,2161,2147
15:39:09,2161,2147
15:39:09,2161,2148
15:39:09,2162,2150
15:39:10,2163,2150
15:39:10,2164,2152
15:39:10,2164,2153
15:39:10,2166,2154
15:39:10,2167,2155
15:39:11,2167,2155
15:39:11,2169,2155
15:39:11,2171,2156
15:39:11,2171,2158
15:39:11,2173,2159
15:39:12,2175,2159
15:39:12,2177,2159
15:39:12,2179,2161
15:39:12,2181,2161
15:39:12,2183,2161
15:39:13,2184,2162
15:39:13,2186,2163
15:39:13,2186,2163
15:39:13,2188,2163
15:39:13,2188,2163
15:39:14,2190,2164
15:39:14,2190,2164
15:39:14,2192,2164
15:39:14,2193,2164
15:39:14,2195,2164
15:39:15,2195,2166
15:39:15,2195,2166
15:39:15,2197,2166
15:39:15,2198,2167
15:39:15,2198,2168
15:39:16,2199,2168
15:39:16,2201,2170
15:39:16,2201,2170
15:39:16,2203,2172
15:39:17,2204,2172
15:39:17,2204,2174
15:39:17,2205,2174
15:39:17,2206,2176
15:39:17,2208,2177
15:39:18,2208,2179
15:39:18,2208,2180
15:39:18,2210,2180
15:39:18,2212,2180
15:39:18,2212,2182
15:39:19,2214,2182
15:39:19,2214,2182
15:39:19,2216,2184
15:39:19,2216,2185
15:39:19,2218,2186
15:39:20,2220,2187
15:39:20,2221,2187
15:39:20,2222,2188
15:39:20,2223,2188
15:39:20,2224,2190
15:39:21,2224,2190
15:39:21,2225,2192
15:39:21,2225,2193
15:39:21,2226,2193
15:39:21,2228,2195
15:39:22,2229,2197
15:39:22,2231,2199
15:39:22,2232,2201
15:39:22,2234,2201
15:39:22,2235,2201
15:39:23,2236,2202
15:39:23,2238,2202
15:39:23,2238,2202
15:39:23,2238,2204
15:39:23,2239,2206
15:39:24,2239,2206
15:39:24,2240,2208
15:39:24,2242,2209
15:39:24,2242,2211
15:39:24,2242,2211
15:39:25,2243,2213
15:39:25,2245,2213
15:39:25,2245,2215
15:39:25,2245,2216
15:39:25,2247,2216
15:39:26,2248,2216
15:39:26,2250,2217
15:39:26,2252,2217
15:39:26,2252,2218
15:39:26,2252,2219
15:39:27,2253,2219
15:39:27,2254,2221
15:39:27,2254,2222
15:39:27,2255,2222
15:39:28,2255,2224
15:39:28,2256,2225
15:39:28,2257,2227
15:39:28,2258,2227
15:39:28,2260,2227
15:39:29,2261,2228
15:39:29,2262,2228
15:39:29,2263,2228
15:39:29,2264,2228
15:39:29,2266,2229
15:39:30,2267,2231
15:39:30,2268,2231
15:39:30,2268,2233
15:39:30,2268,2235
15:39:30,2270,2235
15:39:31,2271,2236
15:39:31,2272,2237
15:39:31,2273,2239
15:39:31,2274,2241
15:39:31,2275,2242
15:39:32,2276,2244
15:39:32,2278,2245
15:39:32,2280,2247
15:39:32,2280,2247
15:39:32,2281,2249
15:39:33,2281,2250
15:39:33,2283,2252
15:39:33,2285,2254
15:39:33,2287,2254
15:39:33,2288,2255
15:39:34,2290,2256
15:39:34,2290,2257
15:39:34,2292,2259
15:39:34,2293,2260
15:39:34,2294,2262
15:39:35,2294,2263
15:39:35,2295,2264
15:39:35,2295,2266
15:39:35,2297,2267
15:39:36,2298,2268
15:39:36,2300,2269
15:39:36,2301,2269
15:39:36,2303,2271
15:39:36,2303,2273
15:39:37,2305,2273
15:39:37,2307,2275
15:39:37,2308,2277
15:39:37,2309,2279
15:39:37,2309,2280
15:39:38,2311,2282
15:39:38,2313,2284
15:39:38,2313,2286
15:39:38,2313,2288
15:39:38,2315,2290
15:39:39,2317,2292
15:39:39,2319,2293
15:39:39,2320,2293
15:39:39,2322,2294
15:39:39,2322,2294
15:39:40,2322,2296
15:39:40,2323,2296
15:39:40,2324,2296
15:39:40,2324,2298
15:39:40,2326,2300
15:39:41,2326,2300
15:39:41,2326,2301
15:39:41,2326,2302
15:39:41,2327,2302
15:39:41,2329,2303
15:39:42,2330,2305
15:39:42,2331,2307
15:39:42,2332,2308
15:39:42,2332,2308
15:39:42,2334,2309
15:39:43,2334,2309
15:39:43,2334,2310
15:39:43,2336,2310
15:39:43,2338,2310
15:39:43,2338,2312
15:39:44,2340,2312
15:39:44,2341,2312
15:39:44,2342,2314
15:39:44,2343,2315
15:39:45,2345,2316
15:39:45,2346,2318
15:39:45,2346,2320
15:39:45,2347,2322
15:39:45,2347,2324
15:39:46,2347,2324
15:39:46,2347,2325
15:39:46,2347,2327
15:39:46,2347,2327
15:39:46,2347,2327
15:39:47,2349,2328
15:39:47,2350,2329
15:39:47,2352,2331
15:39:47,2353,2333
15:39:47,2355,2333
15:39:48,2356,2334
15:39:48,2358,2335
15:39:48,2360,2335
15:39:48,2362,2337
15:39:48,2362,2339
15:39:49,2363,2340
15:39:49,2365,2341
15:39:49,2367,2343
15:39:49,2367,2345
15:39:49,2367,2347
15:39:50,2367,2349
15:39:50,2369,2349
15:39:50,2370,2349
15:39:50,2370,2349
15:39:50,2370,2350
15:39:51,2370,2352
15:39:51,2370,2354
15:39:51,2372,2356
15:39:51,2373,2358
15:39:51,2374,2358
15:39:52,2374,2359
15:39:52,2375,2360
15:39:52,2377,2362
15:39:52,2378,2362
15:39:52,2380,2362
15:39:53,2382,2363
15:39:53,2382,2364
15:39:53,2383,2365
15:39:53,2384,2366
15:39:53,2385,2367
15:39:54,2385,2368
15:39:54,2387,2370
15:39:54,2387,2370
15:39:54,2389,2372
15:39:54,2390,2374
15:39:55,2392,2374
15:39:55,2394,2376
15:39:55,2394,2376
15:39:55,2396,2377
15:39:56,2397,2379
15:39:56,2397,2379
15:39:56,2398,2381
15:39:56,2399,2381
15:39:56,2400,2381
15:39:57,2401,2382
15:39:57,2402,2383
15:39:57,2403,2385
15:39:57,2405,2385
15:39:57,2407,2387
15:39:58,2408,2387
15:39:58,2408,2387
15:39:58,2410,2389
15:39:58,2411,2390
15:39:58,2413,2391
15:39:59,2415,2392
15:39:59,2417,2394
15:39:59,2418,2396
15:39:59,2419,2398
15:39:59,2421,2398
15:40:00,2423,2399
15:40:00,2424,2399
15:40:00,2425,2399
15:40:00,2427,2401
15:40:00,2429,2403
15:40:01,2431,2404
15:40:01,2433,2406
15:40:01,2434,2407
15:40:01,2436,2408
15:40:01,2436,2410
15:40:02,2437,2410
15:40:02,2439,2410
15:40:02,2439,2411
15:40:02,2441,2413
15:40:02,2441,2415
15:40:03,2442,2415
15:40:03,2442,2416
15:40:03,2442,2417
15:40:03,2442,2419
15:40:03,2442,2420
15:40:04,2442,2420
15:40:04,2443,2420
15:40:04,2444,2422
15:40:04,2445,2422
15:40:04,2447,2424
15:40:05,2448,2424
15:40:05,2450,2424
15:40:05,2450,2425
15:40:05,2451,2425
15:40:06,2452,2427
15:40:06,2453,2428
15:40:06,2453,2428
15:40:06,2453,2428
15:40:06,2454,2429
15:40:07,2454,2430
15:40:07,2456,2431
15:40:07,2458,2432
15:40:07,2458,2432
15:40:07,2460,2434
15:40:08,2462,2435
15:40:08,2463,2435
15:40:08,2465,2437
15:40:08,2466,2437
15:40:08,2466,2438
15:40:09,2466,2439
15:40:09,2468,2441
15:40:09,2470,2443
15:40:09,2470,2443
15:40:09,2472,2444
15:40:10,2474,2446
15:40:10,2476,2447
15:40:10,2478,2449
15:40:10,2479,2451
15:40:10,2480,2452
15:40:11,2481,2454
15:40:11,2482,2454
15:40:11,2482,2456
15:40:11,2484,2458
15:40:11,2485,2459
15:40:12,2487,2460
15:40:12,2488,2462
15:40:12,2490,2462
15:40:12,2492,2464
15:40:12,2492,2466
15:40:13,2494,2468
15:40:13,2494,2470
15:40:13,2495,2472
15:40:13,2495,2473
15:40:13,2497,2473
15:40:14,2497,2473
15:40:14,2498,2475
15:40:14,2500,2476
15:40:14,2501,2476
15:40:14,2503,2476
15:40:15,2504,2478
15:40:15,2505,2479
15:40:15,2505,2480
15:40:15,2507,2482
15:40:15,2508,2484
15:40:16,2510,2486
15:40:16,2510,2487
15:40:16,2510,2487
15:40:16,2510,2489
15:40:16,2511,2491
15:40:17,2513,2493
15:40:17,2515,2493
15:40:17,2516,2493
15:40:17,2516,2494
15:40:18,2518,2496
15:40:18,2520,2496
15:40:18,2521,2496
15:40:18,2523,2497
15:40:18,2525,2499
15:40:19,2527,2501
15:40:19,2529,2501
15:40:19,2531,2503
15:40:19,2533,2503
15:40:19,2533,2505
15:40:20,2535,2507
15:40:20,2537,2509
15:40:20,2539,2510
15:40:20,2539,2512
15:40:20,2539,2514
15:40:21,2541,2515
15:40:21,2543,2515
15:40:21,2544,2516
15:40:21,2546,2517
15:40:21,2546,2517
15:40:22,2547,2519
15:40:22,2549,2521
15:40:22,2550,2521
15:40:22,2552,2521
15:40:22,2553,2522
15:40:23,2555,2522
15:40:23,2557,2523
15:40:23,2558,2524
15:40:23,2560,2525
15:40:23,2560,2525
15:40:24,2560,2525
15:40:24,2560,2526
15:40:24,2561,2528
15:40:24,2561,2529
15:40:24,2563,2529
15:40:25,2565,2531
15:40:25,2567,2532
15:40:25,2567,2532
15:40:25,2567,2534
15:40:25,2568,2535
15:40:26,2569,2537
15:40:26,2569,2537
15:40:26,2569,2539
15:40:26,2569,2539
15:40:26,2569,2539
15:40:27,2569,2541
15:40:27,2569,2542
15:40:27,2569,2544
15:40:27,2569,2546
15:40:28,2571,2548
15:40:28,2573,2550
15:40:28,2575,2552
15:40:28,2576,2552
15:40:28,2578,2552
15:40:29,2579,2554
15:40:29,2579,2555
15:40:29,2581,2556
15:40:29,2583,2556
15:40:29,2583,2557
15:40:30,2583,2558
15:40:30,2583,2558
15:40:30,2584,2559
15:40:30,2585,2560
15:40:30,2585,2561
15:40:31,2586,2563
15:40:31,2588,2564
15:40:31,2589,2565
15:40:31,2589,2566
15:40:31,2590,2568
15:40:32,2591,2570
15:40:32,2593,2572
15:40:32,2594,2573
15:40:32,2594,2573
15:40:32,2596,2573
15:40:33,2597,2573
15:40:33,2599,2574
15:40:33,2600,2575
15:40:33,2602,2576
15:40:33,2604,2578
15:40:34,2604,2579
15:40:34,2604,2579
15:40:34,2605,2579
15:40:34,2607,2580
15:40:34,2608,2581
15:40:35,2608,2582
15:40:35,2609,2584
15:40:35,2610,2584
15:40:35,2611,2585
15:40:36,2612,2587
15:40:36,2614,2588
15:40:36,2615,2589
15:40:36,2617,2590
15:40:36,2618,2590
15:40:37,2619,2590
15:40:37,2619,2592
15:40:37,2619,2594
15:40:37,2619,2595
15:40:37,2619,2596
15:40:38,2620,2596
15:40:38,2620,2596
15:40:38,2622,2598
15:40:38,2624,2599
15:40:38,2626,2599
15:40:39,2626,2600
15:40:39,2628,2602
15:40:39,2630,2604
15:40:39,2630,2604
15:40:39,2632,2606
15:40:40,2634,2607
15:40:40,2636,2608
15:40:40,2638,2609
15:40:40,2638,2611
15:40:40,2640,2611
15:40:41,2640,2612
15:40:41,2642,2613
15:40:41,2642,2613
15:40:41,2643,2615
15:40:41,2645,2617
15:40:42,2647,2618
15:40:42,2649,2618
15:40:42,2651,2618
15:40:42,2651,2620
15:40:42,2653,2620
15:40:43,2655,2620
15:40:43,2655,2622
15:40:43,2656,2622
15:40:43,2658,2624
15:40:44,2660,2624
15:40:44,2660,2625
15:40:44,2662,2625
15:40:44,2663,2627
15:40:44,2663,2627
15:40:45,2664,2629
15:40:45,2664,2631
15:40:45,2664,2633
15:40:45,2664,2635
15:40:45,2664,2637
15:40:46,2664,2639
15:40:46,2666,2641
15:40:46,2666,2643
15:40:46,2666,2645
15:40:46,2668,2647
15:40:47,2668,2647
15:40:47,2670,2649
15:40:47,2672,2650
15:40:47,2673,2650
15:40:48,2673,2650
15:40:48,2675,2652
15:40:48,2675,2654
15:40:48,2675,2656
15:40:48,2676,2657
15:40:49,2677,2659
15:40:49,2679,2661
15:40:49,2680,2661
15:40:49,2682,2662
15:40:49,2684,2664
15:40:50,2684,2666
15:40:50,2684,2667
15:40:50,2685,2667
15:40:50,2685,2668
15:40:50,2687,2670
15:40:51,2689,2672
15:40:51,2691,2673
15:40:51,2693,2675
15:40:51,2693,2676
15:40:51,2695,2676
15:40:52,2695,2678
15:40:52,2696,2680
15:40:52,2697,2681
15:40:52,2698,2681
15:40:52,2700,2682
15:40:53,2702,2684
15:40:53,2703,2684
15:40:53,2705,2684
15:40:53,2707,2685
15:40:53,2707,2687
15:40:54,2708,2689
15:40:54,2709,2691
15:40:54,2710,2692
15:40:54,2712,2693
15:40:54,2713,2695
15:40:55,2715,2695
15:40:55,2717,2696
15:40:55,2717,2697
15:40:55,2718,2698
15:40:55,2720,2699
15:40:56,2722,2701
15:40:56,2723,2701
15:40:56,2725,2703
15:40:56,2725,2703
15:40:56,2726,2705
15:40:57,2727,2706
15:40:57,2729,2708
15:40:57,2730,2710
15:40:57,2732,2711
15:40:58,2732,2713
15:40:58,2734,2714
15:40:58,2736,2716
15:40:58,2736,2718
15:40:58,2737,2718
15:40:59,2739,2719
15:40:59,2741,2719
15:40:59,2741,2721
15:40:59,2741,2722
15:40:59,2741,2724
15:41:00,2743,2726
15:41:00,2745,2726
15:41:00,2746,2728
15:41:00,2748,2729
15:41:00,2750,2729
15:41:01,2752,2729
15:41:01,2753,2729
15:41:01,2753,2731
15:41:01,2755,2732
15:41:01,2756,2732
15:41:02,2757,2733
15:41:02,2758,2734
15:41:02,2760,2735
15:41:02,2761,2737
15:41:02,2763,2737
15:41:03,2763,2737
15:41:03,2765,2739
15:41:03,2767,2741
15:41:03,2769,2741
15:41:03,2769,2743
15:41:04,2770,2745
15:41:04,2770,2746
15:41:04,2771,2748
15:41:04,2771,2748
15:41:04,2771,2750
15:41:05,2771,2750
15:41:05,2772,2752
15:41:05,2773,2753
15:41:05,2775,2754
15:41:05,2776,2756
15:41:06,2778,2758
15:41:06,2778,2759
15:41:06,2779,2760
15:41:06,2779,2760
15:41:06,2781,2761
15:41:07,2781,2762
15:41:07,2782,2763
15:41:07,2783,2764
15:41:07,2784,2764
15:41:07,2786,2766
15:41:08,2786,2767
15:41:08,2788,2769
15:41:08,2788,2771
15:41:08,2788,2772
15:41:08,2790,2774
15:41:09,2792,2775
15:41:09,2794,2777
15:41:09,2796,2778
15:41:09,2798,2780
15:41:10,2798,2781
15:41:10,2800,2781
15:41:10,2802,2782
15:41:10,2802,2783
15:41:10,2802,2784
15:41:11,2802,2785
15:41:11,2804,2785
15:41:11,2804,2786
15:41:11,2805,2786
15:41:11,2805,2787
15:41:12,2806,2789
15:41:12,2807,2790
15:41:12,2808,2790
15:41:12,2808,2791
15:41:12,2808,2792
15:41:13,2809,2793
15:41:13,2811,2793
15:41:13,2811,2793
15:41:13,2812,2795
15:41:13,2812,2795
15:41:14,2814,2797
15:41:14,2814,2797
15:41:14,2814,2797
15:41:14,2814,2799
15:41:14,2814,2800
15:41:15,2815,2800
15:41:15,2816,2802
15:41:15,2817,2802
15:41:15,2817,2804
15:41:15,2819,2806
15:41:16,2821,2807
15:41:16,2823,2808
15:41:16,2823,2809
15:41:16,2823,2809
15:41:16,2825,2809
15:41:17,2826,2810
15:41:17,2828,2810
15:41:17,2828,2811
15:41:17,2828,2813
15:41:17,2830,2814
15:41:18,2831,2816
15:41:18,2832,2816
15:41:18,2832,2817
15:41:18,2832,2817
15:41:18,2833,2817
15:41:19,2834,2817
15:41:19,2836,2818
15:41:19,2838,2818
15:41:19,2839,2819
15:41:19,2840,2821
15:41:20,2842,2821
15:41:20,2843,2822
15:41:20,2845,2824
15:41:20,2847,2825
15:41:21,2847,2827
15:41:21,2847,2829
15:41:21,2849,2831
15:41:21,2849,2832
15:41:21,2851,2834
15:41:22,2851,2836
15:41:22,2851,2838
15:41:22,2852,2839
15:41:22,2853,2839
15:41:22,2855,2840
15:41:23,2855,2841
15:41:23,2855,2842
15:41:23,2857,2842
15:41:23,2857,2843
15:41:23,2858,2843
15:41:24,2858,2844
15:41:24,2860,2845
15:41:24,2861,2846
15:41:24,2862,2848
15:41:24,2863,2850
15:41:25,2863,2851
15:41:25,2865,2853
15:41:25,2865,2854
15:41:25,2866,2854
15:41:26,2866,2855
15:41:26,2868,2857
15:41:26,2868,2859
15:41:26,2869,2861
15:41:26,2870,2863
15:41:27,2870,2863
15:41:27,2871,2863
15:41:27,2873,2865
15:41:27,2873,2866
15:41:27,2873,2867
15:41:28,2874,2869
15:41:28,2875,2869
15:41:28,2877,2870
15:41:28,2879,2872
15:41:28,2881,2873
15:41:29,2881,2873
15:41:29,2883,2874
15:41:29,2885,2874
15:41:29,2886,2876
15:41:29,2888,2878
15:41:30,2890,2878
15:41:30,2890,2879
15:41:30,2891,2881
15:41:30,2892,2881
15:41:30,2892,2882
15:41:31,2894,2882
15:41:31,2895,2883
15:41:31,2895,2885
15:41:31,2897,2887
15:41:31,2899,2889
15:41:32,2899,2890
15:41:32,2899,2890
15:41:32,2900,2892
15:41:32,2900,2893
15:41:32,2902,2894
15:41:33,2903,2896
15:41:33,2905,2898
15:41:33,2906,2899
15:41:33,2907,2900
15:41:33,2909,2901
15:41:34,2911,2902
15:41:34,2912,2903
15:41:34,2914,2903
15:41:34,2914,2903
15:41:34,2915,2904
15:41:35,2915,2906
15:41:35,2915,2908
15:41:35,2915,2908
15:41:35,2917,2908
15:41:36,2919,2908
15:41:36,2921,2910
15:41:36,2921,2912
15:41:36,2921,2913
15:41:36,2923,2914
15:41:37,2923,2915
15:41:37,2923,2917
15:41:37,2925,2918
15:41:37,2925,2920
15:41:37,2926,2920
15:41:38,2928,2921
15:41:38,2928,2922
15:41:38,2930,2923
15:41:38,2931,2925
15:41:38,2931,2926
15:41:39,2931,2928
15:41:39,2933,2929
15:41:39,2935,2929
15:41:39,2936,2931
15:41:39,2936,2932
15:41:40,2938,2934
15:41:40,2940,2935
15:41:40,2942,2935
15:41:40,2944,2937
15:41:40,2945,2937
15:41:41,2945,2939
15:41:41,2947,2939
15:41:41,2947,2941
15:41:41,2949,2943
15:41:41,2949,2944
15:41:42,2950,2944
15:41:42,2950,2944
15:41:42,2952,2945
15:41:42,2954,2946
15:41:42,2956,2946
15:41:43,2957,2948
15:41:43,2957,2950
15:41:43,2957,2952
15:41:43,2959,2954
15:41:43,2961,2956
15:41:44,2961,2958
15:41:44,2961,2959
15:41:44,2962,2960
15:41:44,2963,2960
15:41:44,2963,2961
15:41:45,2965,2963
15:41:45,2967,2963
15:41:45,2967,2963
15:41:45,2969,2965
15:41:45,2971,2967
15:41:46,2973,2968
15:41:46,2975,2969
15:41:46,2976,2971
15:41:46,2978,2971
15:41:46,2979,2972
15:41:47,2980,2973
15:41:47,2982,2973
15:41:47,2984,2973
15:41:47,2984,2973
15:41:48,2985,2973
15:41:48,2987,2973
15:41:48,2988,2973
15:41:48,2989,2975
15:41:48,2989,2977
15:41:49,2990,2979
15:41:49,2991,2981
15:41:49,2993,2983
15:41:49,2994,2985
15:41:49,2994,2985
15:41:50,2996,2986
15:41:50,2998,2986
15:41:50,2999,2988
15:41:50,3000,2990
15:41:50,3000,2992
15:41:51,3002,2994
15:41:51,3002,2996
15:41:51,3004,2996
15:41:51,3006,2998
15:41:51,3008,3000
15:41:52,3008,3000
15:41:52,3010,3002
15:41:52,3012,3004
15:41:52,3014,3004
15:41:52,3015,3005
15:41:53,3015,3005
15:41:53,3017,3007
15:41:53,3019,3009
15:41:53,3021,3011
15:41:53,3022,3013
15:41:54,3024,3015
15:41:54,3026,3015
15:41:54,3028,3015
15:41:54,3029,3015
15:41:54,3031,3015
15:41:55,3031,3017
15:41:55,3033,3018
15:41:55,3033,3018
15:41:55,3034,3019
15:41:55,3036,3019
15:41:56,3036,3021
15:41:56,3038,3022
15:41:56,3039,3023
15:41:56,3039,3024
15:41:56,3040,3025
15:41:57,3042,3027
15:41:57,3043,3029
15:41:57,3045,3031
15:41:57,3046,3031
15:41:57,3046,3033
15:41:58,3047,3033
15:41:58,3049,3033
15:41:58,3051,3035
15:41:58,3051,3037
15:41:58,3052,3038
15:41:59,3054,3038
15:41:59,3054,3038
15:41:59,3056,3039
15:41:59,3056,3039
15:41:59,3058,3041
15:42:00,3060,3043
15:42:00,3061,3045
15:42:00,3061,3046
15:42:00,3062,3048
15:42:01,3062,3050
15:42:01,3062,3052
15:42:01,3062,3054
15:42:01,3062,3056
15:42:01,3064,3058
15:42:02,3065,3059
15:42:02,3066,3061
15:42:02,3068,3063
15:42:02,3068,3065
15:42:02,3068,3067
15:42:03,3070,3067
15:42:03,3070,3069
15:42:03,3070,3069
15:42:03,3070,3069
15:42:03,3072,3071
15:42:04,3074,3071
15:42:04,3076,3073
15:42:04,3078,3073
15:42:04,3078,3074
15:42:04,3078,3075
15:42:05,3080,3076
15:42:05,3082,3077
15:42:05,3083,3077
15:42:05,3083,3079
15:42:05,3084,3080
15:42:06,3085,3080
15:42:06,3085,3082
15:42:06,3086,3083
15:42:06,3086,3083
15:42:06,3086,3085
15:42:07,3086,3085
15:42:07,3086,3086
15:42:07,3088,3088
15:42:07,3089,3090
15:42:07,3089,3091
15:42:08,3089,3092
15:42:08,3089,3093
15:42:08,3089,3093
15:42:08,3089,3095
15:42:08,3089,3097
15:42:09,3091,3097
15:42:09,3091,3099
15:42:09,3093,3100
15:42:09,3095,3102
15:42:09,3096,3102
15:42:10,3098,3102
15:42:10,3099,3103
15:42:10,3099,3105
15:42:10,3100,3107
15:42:10,3101,3107
15:42:11,3101,3108
15:42:11,3103,3108
15:42:11,3104,3109
15:42:11,3105,3109
15:42:11,3107,3110
15:42:12,3108,3110
15:42:12,3109,3110
15:42:12,3110,3110
15:42:12,3111,3112
15:42:13,3112,3114
15:42:13,3113,3116
15:42:13,3113,3116
15:42:13,3114,3116
15:42:13,3116,3118
15:42:14,3118,3120
15:42:14,3118,3120
15:42:14,3120,3121
15:42:14,3120,3121
15:42:14,3121,3122
15:42:15,3121,3123
15:42:15,3123,3125
15:42:15,3124,3127
15:42:15,3125,3129
15:42:15,3127,3131
15:42:16,3129,3132
15:42:16,3130,3133
15:42:16,3130,3134
15:42:16,3132,3134
15:42:16,3133,3135
15:42:17,3134,3135
15:42:17,3134,3136
15:42:17,3136,3138
15:42:17,3136,3139
15:42:17,3136,3139
15:42:18,3138,3139
15:42:18,3140,3139
15:42:18,3140,3141
15:42:18,3142,3141
15:42:18,3143,3142
15:42:19,3145,3143
15:42:19,3146,3144
15:42:19,3148,3144
15:42:19,3148,3144
15:42:19,3148,3145
15:42:20,3148,3145
15:42:20,3150,3145
15:42:20,3152,3145
15:42:20,3152,3146
15:42:20,3154,3146
15:42:21,3155,3147
15:42:21,3155,3147
15:42:21,3155,3147
15:42:21,3156,3149
15:42:21,3158,3150
15:42:22,3160,3151
15:42:22,3161,3151
15:42:22,3162,3152
15:42:22,3163,3153
15:42:22,3163,3154
15:42:23,3165,3156
15:42:23,3166,3157
15:42:23,3168,3159
15:42:23,3170,3160
15:42:23,3172,3161
15:42:24,3174,3163
15:42:24,3174,3165
15:42:24,3175,3166
15:42:24,3175,3166
15:42:25,3177,3168
15:42:25,3178,3170
15:42:25,3178,3170
15:42:25,3179,3172
15:42:25,3180,3172
15:42:26,3181,3172
15:42:26,3182,3172
15:42:26,3184,3172
15:42:26,3184,3172
15:42:26,3184,3172
15:42:27,3186,3174
15:42:27,3188,3174
15:42:27,3188,3175
15:42:27,3190,3176
15:42:27,3190,3178
15:42:28,3191,3179
15:42:28,3191,3180
15:42:28,3193,3182
15:42:28,3195,3182
15:42:28,3195,3184
15:42:29,3196,3185
15:42:29,3197,3186
15:42:29,3199,3187
15:42:29,3200,3188
15:42:29,3202,3188
15:42:30,3204,3190
15:42:30,3204,3192
15:42:30,3204,3192
15:42:30,3204,3193
15:42:30,3204,3193
15:42:31,3204,3193
15:42:31,3205,3194
15:42:31,3207,3196
15:42:31,3208,3197
15:42:31,3210,3198
15:42:32,3211,3199
15:42:32,3211,3201
15:42:32,3213,3203
15:42:32,3215,3204
15:42:32,3216,3205
15:42:33,3218,3206
15:42:33,3220,3206
15:42:33,3220,3207
15:42:33,3221,3207
15:42:33,3221,3207
15:42:34,3222,3209
15:42:34,3223,3210
15:42:34,3225,3212
15:42:34,3226,3212
15:42:34,3228,3212
15:42:35,3229,3214
15:42:35,3229,3216
15:42:35,3230,3216
15:42:35,3231,3216
15:42:35,3232,3218
15:42:36,3233,3220
15:42:36,3234,3220
15:42:36,3235,3221
15:42:36,3235,3222
15:42:37,3235,3224
15:42:37,3235,3225
15:42:37,3236,3225
15:42:37,3237,3227
15:42:37,3237,3227
15:42:38,3239,3228
15:42:38,3241,3230
15:42:38,3243,3230
15:42:38,3244,3232
15:42:38,3246,3233
15:42:39,3248,3234
15:42:39,3248,3234
15:42:39,3248,3235
15:42:39,3249,3235
15:42:39,3250,3236
15:42:40,3251,3238
15:42:40,3253,3240
15:42:40,3255,3240
15:42:40,3257,3240
15:42:40,3259,3240
15:42:41,3261,3240
15:42:41,3263,3240
15:42:41,3263,3241
15:42:41,3264,3241
15:42:41,3266,3243
15:42:42,3268,3244
15:42:42,3268,3245
15:42:42,3269,3246
15:42:42,3271,3248
15:42:42,3271,3249
15:42:43,3272,3251
15:42:43,3273,3252
15:42:43,3274,3253
15:42:43,3274,3255
15:42:43,3275,3256
15:42:44,3275,3258
15:42:44,3276,3260
15:42:44,3276,3262
15:42:44,3276,3262
15:42:44,3276,3264
15:42:45,3278,3265
15:42:45,3280,3267
15:42:45,3282,3269
15:42:45,3284,3271
15:42:45,3284,3273
15:42:46,3284,3275
15:42:46,3285,3276
15:42:46,3286,3278
15:42:46,3288,3279
15:42:46,3290,3280
15:42:47,3292,3281
15:42:47,3292,3282
15:42:47,3293,3284
15:42:47,3294,3284
15:42:48,3296,3285
15:42:48,3296,3287
15:42:48,3297,3288
15:42:48,3297,3289
15:42:48,3298,3290
15:42:49,3300,3292
15:42:49,3300,3292
15:42:49,3302,3292
15:42:49,3303,3292
15:42:49,3303,3292
15:42:50,3305,3293
15:42:50,3305,3295
15:42:50,3305,3295
15:42:50,3307,3296
15:42:50,3307,3298
15:42:51,3308,3299
15:42:51,3309,3301
15:42:51,3311,3302
15:42:51,3312,3304
15:42:51,3313,3306
15:42:52,3313,3307
15:42:52,3314,3309
15:42:52,3316,3309
15:42:52,3317,3311
15:42:52,3317,3313
15:42:53,3319,3315
15:42:53,3319,3317
15:42:53,3320,3319
15:42:53,3320,3320
15:42:53,3321,3320
15:42:54,3322,3322
15:42:54,3324,3324
15:42:54,3326,3324
15:42:54,3328,3324
15:42:54,3328,3325
15:42:55,3329,3326
15:42:55,3331,3328
15:42:55,3333,3330
15:42:55,3334,3332
15:42:55,3334,3334
15:42:56,3335,3336
15:42:56,3337,3336
15:42:56,3338,3336
15:42:56,3339,3337
15:42:56,3341,3337
15:42:57,3343,3339
15:42:57,3344,3340
15:42:57,3345,3340
15:42:57,3346,3340
15:42:57,3347,3340
15:42:58,3349,3340
15:42:58,3351,3341
15:42:58,3352,3343
15:42:58,3354,3345
16:16:07,0,2
16:16:07,0,2
16:16:07,1,3
16:16:07,1,4
16:16:08,1,5
16:16:08,2,5
16:16:08,2,5
16:16:08,3,5
16:16:08,3,5
16:16:09,5,5
16:16:09,6,5
16:16:09,7,5
16:16:09,8,7
16:16:09,9,9
16:16:10,11,9
16:16:10,12,9
16:16:10,12,10
16:16:10,12,10
16:16:10,12,12
16:16:11,14,12
16:16:11,14,12
16:16:11,14,14
16:16:11,14,14
16:16:11,14,16
16:16:12,15,17
16:16:12,15,19
16:16:12,15,21
16:16:12,15,23
16:16:12,17,23
16:16:13,18,25
16:16:13,20,27
16:16:13,22,28
16:16:13,22,29
16:16:13,22,31
16:16:14,23,31
16:16:14,25,32
16:16:14,25,32
16:16:14,27,34
16:16:15,28,36
16:16:15,29,38
16:16:15,31,40
16:16:15,32,40
16:16:15,34,41
16:16:16,35,43
16:16:16,35,45
16:16:16,37,46
16:16:16,39,47
16:16:16,40,49
16:16:17,41,51
16:16:17,43,52
16:16:17,45,52
16:16:17,45,53
16:16:17,47,54
16:16:18,48,55
16:16:18,48,55
16:16:18,49,56
16:16:18,50,57
16:16:18,51,59
16:16:19,53,60
16:16:19,53,60
16:16:19,54,62
16:16:19,54,63
16:16:19,56,65
16:16:20,56,65
16:16:20,57,67
16:16:20,57,68
16:16:20,57,70
16:16:20,58,70
16:16:21,58,71
16:16:21,59,72
16:16:21,61,72
16:16:21,63,73
16:16:21,63,73
16:16:22,65,74
16:16:22,66,76
16:16:22,66,78
16:16:22,68,80
16:16:22,68,80
16:16:23,70,81
16:16:23,70,83
16:16:23,72,84
16:16:23,72,86
16:16:23,73,88
16:16:24,74,89
16:16:24,75,90
16:16:24,77,92
16:16:24,77,94
16:16:24,79,94
16:16:25,80,94
16:16:25,80,95
16:16:25,81,96
16:16:25,82,96
16:16:26,82,96
16:16:26,83,98
16:16:26,83,99
16:16:26,84,101
16:16:26,86,103
16:16:27,87,105
16:16:27,88,106
16:16:27,89,107
16:16:27,89,109
16:16:27,89,110
16:16:28,90,111
16:16:28,92,112
16:16:28,92,112
16:16:28,93,112
16:16:28,93,113
16:16:29,93,115
16:16:29,94,116
16:16:29,94,116
16:16:29,95,116
16:16:29,95,117
16:16:30,95,119
16:16:30,96,120
16:16:30,96,121
16:16:30,97,123
16:16:30,98,123
16:16:31,100,125
16:16:31,101,125
16:16:31,101,125
16:16:31,101,125
16:16:31,101,125
16:16:32,103,126
16:16:32,104,126
16:16:32,104,128
16:16:32,106,129
16:16:32,108,130
16:16:33,108,130
16:16:33,110,131
16:16:33,112,131
16:16:33,112,132
16:16:33,114,133
16:16:34,116,133
16:16:34,117,133
16:16:34,119,134
16:16:34,119,135
16:16:34,120,136
16:16:35,120,138
16:16:35,121,139
16:16:35,121,140
16:16:35,121,141
16:16:35,121,141
16:16:36,123,143
16:16:36,124,145
16:16:36,126,147
16:16:36,128,147
16:16:37,130,149
16:16:37,130,149
16:16:37,132,149
16:16:37,134,151
16:16:37,136,151
16:16:38,136,153
16:16:38,138,154
16:16:38,138,155
16:16:38,140,157
16:16:38,140,157
16:16:39,142,159
16:16:39,142,160
16:16:39,143,160
16:16:39,144,160
16:16:39,145,162
16:16:40,145,163
16:16:40,145,163
16:16:40,145,164
16:16:40,147,164
16:16:40,149,164
16:16:41,150,166
16:16:41,150,166
16:16:41,151,166
16:16:41,151,166
16:16:41,152,167
16:16:42,154,168
16:16:42,156,170
16:16:42,157,171
16:16:42,159,171
16:16:42,161,173
16:16:43,162,175
16:16:43,162,177
16:16:43,163,179
16:16:43,163,179
16:16:43,165,181
16:16:44,167,181
16:16:44,168,183
16:16:44,168,185
16:16:44,170,187
16:16:45,171,189
16:16:45,171,189
16:16:45,173,189
16:16:45,175,191
16:16:45,175,192
16:16:46,176,193
16:16:46,176,193
16:16:46,178,193
16:16:46,179,193
16:16:46,179,195
16:16:47,180,195
16:16:47,182,195
16:16:47,182,195
16:16:47,182,196
16:16:47,182,196
16:16:48,183,196
16:16:48,184,196
16:16:48,184,196
16:16:48,186,196
16:16:48,188,196
16:16:49,188,198
16:16:49,189,200
16:16:49,191,200
16:16:49,191,201
16:16:49,191,201
16:16:50,193,201
16:16:50,195,203
16:16:50,197,204
16:16:50,197,206
16:16:50,198,207
16:16:51,198,207
16:16:51,200,207
16:16:51,200,207
16:16:51,201,209
16:16:51,203,209
16:16:52,203,209
16:16:52,203,209
16:16:52,204,210
16:16:52,206,210
16:16:52,207,210
16:16:53,208,210
16:16:53,208,211
16:16:53,209,211
16:16:53,210,212
16:16:53,211,214
16:16:54,213,216
16:16:54,214,217
16:16:54,214,218
16:16:54,216,219
16:16:55,217,219
16:16:55,218,220
16:16:55,220,220
16:16:55,220,221
16:16:55,220,221
16:16:56,222,223
16:16:56,223,225
16:16:56,223,227
16:16:56,224,227
16:16:56,225,229
16:16:57,227,229
16:16:57,229,230
16:16:57,231,231
16:16:57,233,231
16:16:57,235,233
16:16:58,236,235
16:16:58,237,237
16:16:58,237,239
16:16:58,239,240
16:16:58,240,240
16:16:59,240,240
16:16:59,242,240
16:16:59,243,241
16:16:59,243,242
16:16:59,245,243
16:17:00,245,243
16:17:00,247,244
16:17:00,247,244
16:17:00,247,244
16:17:00,249,246
16:17:01,250,247
16:17:01,252,249
16:17:01,253,251
16:17:01,255,251
16:17:01,257,251
16:17:02,258,253
16:17:02,259,253
16:17:02,261,254
16:17:02,261,256
16:17:02,261,256
16:17:03,262,257
16:17:03,262,259
16:17:03,263,259
16:17:03,264,260
16:17:03,264,261
16:17:04,265,261
16:17:04,265,261
16:17:04,267,261
16:17:04,268,263
16:17:05,268,265
16:17:05,269,265
16:17:05,269,267
16:17:05,271,268
16:17:05,273,270
16:17:06,273,271
16:17:06,274,272
16:17:06,274,272
16:17:06,274,273
16:17:06,275,275
16:17:07,277,275
16:17:07,278,276
16:17:07,279,276
16:17:07,279,277
16:17:07,281,279
16:17:08,282,279
16:17:08,283,281
16:17:08,285,283
16:17:08,285,283
16:17:08,285,285
16:17:09,286,287
16:17:09,288,288
16:17:09,289,290
16:17:09,291,291
16:17:09,291,291
16:17:10,293,291
16:17:10,295,292
16:17:10,297,294
16:17:10,297,294
16:17:10,297,294
16:17:11,298,295
16:17:11,299,296
16:17:11,299,296
16:17:11,300,297
16:17:11,300,298
16:17:12,301,299
16:17:12,301,300
16:17:12,303,302
16:17:12,305,303
16:17:12,305,304
16:17:13,305,304
16:17:13,306,304
16:17:13,308,305
16:17:13,310,306
16:17:14,312,306
16:17:14,312,306
16:17:14,313,308
16:17:14,314,308
16:17:14,316,309
16:17:15,316,310
16:17:15,316,311
16:17:15,317,313
16:17:15,318,313
16:17:15,318,313
16:17:16,318,313
16:17:16,319,313
16:17:16,319,314
16:17:16,321,316
16:17:16,321,318
16:17:17,321,318
16:17:17,321,320
16:17:17,322,322
16:17:17,324,323
16:17:17,326,325
16:17:18,326,325
16:17:18,327,325
16:17:18,329,326
16:17:18,330,328
16:17:18,330,329
16:17:19,332,330
16:17:19,334,330
16:17:19,336,332
16:17:19,338,332
16:17:19,339,332
16:17:20,339,333
16:17:20,340,333
16:17:20,341,333
16:17:20,341,334
16:17:20,341,335
16:17:21,343,337
16:17:21,345,339
16:17:21,347,340
16:17:21,349,342
16:17:22,350,342
16:17:22,350,344
16:17:22,350,346
16:17:22,351,346
16:17:22,351,348
16:17:23,352,349
16:17:23,353,349
16:17:23,353,351
16:17:23,355,353
16:17:23,355,354
16:17:24,356,356
16:17:24,356,356
16:17:24,356,357
16:17:24,358,357
16:17:24,358,358
16:17:25,358,358
16:17:25,358,359
16:17:25,358,359
16:17:25,358,359
16:17:25,358,360
16:17:26,358,362
16:17:26,359,364
16:17:26,360,364
16:17:26,360,366
16:17:26,361,367
16:17:27,361,369
16:17:27,362,369
16:17:27,363,371
16:17:27,363,371
16:17:27,364,373
16:17:28,364,373
16:17:28,365,373
16:17:28,366,374
16:17:28,367,376
16:17:28,367,376
16:17:29,367,378
16:17:29,367,378
16:17:29,368,379
16:17:29,370,380
16:17:29,370,380
16:17:30,371,380
16:17:30,373,380
16:17:30,375,380
16:17:30,376,380
16:17:30,376,381
16:17:31,378,382
16:17:31,379,382
16:17:31,381,382
16:17:31,381,383
16:17:31,383,385
16:17:32,385,387
16:17:32,385,389
16:17:32,386,389
16:17:32,386,391
16:17:32,386,392
16:17:33,388,393
16:17:33,389,395
16:17:33,391,395
16:17:33,391,396
16:17:34,392,398
16:17:34,393,400
16:17:34,395,402
16:17:34,396,403
16:17:34,397,404
16:17:35,397,405
16:17:35,398,405
16:17:35,399,405
16:17:35,400,406
16:17:35,402,408
16:17:36,404,409
16:17:36,406,410
16:17:36,408,412
16:17:36,408,413
16:17:36,410,414
16:17:37,410,414
16:17:37,412,414
16:17:37,413,416
16:17:37,414,417
16:17:37,414,418
16:17:38,415,418
16:17:38,415,418
16:17:38,417,420
16:17:38,418,422
16:17:38,418,423
16:17:39,420,424
16:17:39,421,426
16:17:39,423,427
16:17:39,423,429
16:17:39,424,429
16:17:40,425,429
16:17:40,426,431
16:17:40,426,433
16:17:40,426,433
16:17:40,427,433
16:17:41,427,433
16:17:41,429,435
16:17:41,430,436
16:17:41,432,437
16:17:41,434,439
16:17:42,436,439
16:17:42,436,441
16:17:42,437,442
16:17:42,437,443
16:17:42,438,444
16:17:43,439,445
16:17:43,439,446
16:17:43,439,448
16:17:43,439,449
16:17:43,439,450
16:17:44,440,451
16:17:44,440,453
16:17:44,442,453
16:17:44,442,455
16:17:45,443,455
16:17:45,445,457
16:17:45,445,459
16:17:45,446,459
16:17:45,446,460
16:17:46,447,460
16:17:46,448,461
16:17:46,450,462
16:17:46,452,464
16:17:46,454,466
16:17:47,455,467
16:17:47,457,467
16:17:47,458,469
16:17:47,458,470
16:17:47,459,471
16:17:48,461,472
16:17:48,462,474
16:17:48,463,474
16:17:48,464,475
16:17:48,465,477
16:17:49,465,478
16:17:49,467,478
16:17:49,469,479
16:17:49,470,480
16:17:49,471,482
16:17:50,471,484
16:17:50,471,485
16:17:50,472,487
16:17:50,474,489
16:17:50,476,491
16:17:51,478,491
16:17:51,479,493
16:17:51,479,494
16:17:51,481,494
16:17:51,481,495
16:17:52,483,496
16:17:52,483,496
16:17:52,483,497
16:17:52,485,497
16:17:53,486,499
16:17:53,486,499
16:17:53,487,499
16:17:53,488,499
16:17:53,488,501
16:17:54,488,501
16:17:54,488,502
16:17:54,489,503
16:17:54,489,505
16:17:54,491,505
16:17:55,493,507
16:17:55,495,507
16:17:55,497,509
16:17:55,497,511
16:17:55,498,511
16:17:56,498,511
16:17:56,498,511
16:17:56,498,513
16:17:56,498,515
16:17:56,500,516
16:17:57,502,518
16:17:57,503,520
16:17:57,505,520
16:17:57,506,522
16:17:57,507,524
16:17:58,508,526
16:17:58,510,527
16:17:58,511,529
16:17:58,511,531
16:17:58,511,532
16:17:59,512,533
16:17:59,514,534
16:17:59,515,535
16:17:59,516,537
16:17:59,517,537
16:18:00,517,537
16:18:00,517,538
16:18:00,517,539
16:18:00,518,539
16:18:00,520,539
16:18:01,520,540
16:18:01,521,540
16:18:01,522,541
16:18:01,522,543
16:18:02,524,543
16:18:02,526,544
16:18:02,528,544
16:18:02,530,545
16:18:02,530,546
16:18:03,530,546
16:18:03,531,547
16:18:03,531,548
16:18:03,533,548
16:18:03,533,549
16:18:04,534,551
16:18:04,535,551
16:18:04,536,551
16:18:04,538,551
16:18:04,540,553
16:18:05,540,554
16:18:05,540,555
16:18:05,541,557
16:18:05,541,557
16:18:05,542,558
16:18:06,543,559
16:18:06,545,560
16:18:06,547,560
16:18:06,548,560
16:18:06,548,561
16:18:07,549,562
16:18:07,550,563
16:18:07,552,564
16:18:07,552,564
16:18:07,554,564
16:18:08,556,564
16:18:08,558,564
16:18:08,558,565
16:18:08,560,566
16:18:08,561,566
16:18:09,562,568
16:18:09,562,568
16:18:09,563,569
16:18:09,565,571
16:18:09,566,573
16:18:10,567,575
16:18:10,568,576
16:18:10,569,576
16:18:10,569,576
16:18:10,570,577
16:18:11,570,578
16:18:11,571,580
16:18:11,573,582
16:18:11,573,582
16:18:11,573,583
16:18:12,575,585
16:18:12,577,585
16:18:12,577,586
16:18:12,579,587
16:18:13,580,588
16:18:13,581,588
16:18:13,581,588
16:18:13,581,589
16:18:13,583,589
16:18:14,585,591
16:18:14,587,593
16:18:14,587,595
16:18:14,587,596
16:18:14,588,596
16:18:15,590,597
16:18:15,591,599
16:18:15,592,600
16:18:15,593,600
16:18:15,595,602
16:18:16,597,602
16:18:16,598,602
16:18:16,599,602
16:18:16,599,603
16:18:16,599,604
16:18:17,601,606
16:18:17,601,606
16:18:17,602,608
16:18:17,602,609
16:18:17,603,611
16:18:18,605,612
16:18:18,606,613
16:18:18,607,613
16:18:18,607,614
16:18:18,608,615
16:18:19,610,616
16:18:19,610,616
16:18:19,610,616
16:18:19,611,618
16:18:19,612,619
16:18:20,612,621
16:18:20,612,621
16:18:20,613,621
16:18:20,614,622
16:18:21,614,622
16:18:21,615,623
16:18:21,615,625
16:18:21,617,625
16:18:21,618,627
16:18:22,619,628
16:18:22,619,629
16:18:22,619,629
16:18:22,621,629
16:18:22,621,631
16:18:23,621,633
16:18:23,622,635
16:18:23,623,635
16:18:23,624,637
16:18:23,625,639
16:18:24,625,641
16:18:24,625,643
16:18:24,625,645
16:18:24,626,645
16:18:24,626,646
16:18:25,627,648
16:18:25,629,650
16:18:25,629,652
16:18:25,630,653
16:18:25,632,655
16:18:26,632,656
16:18:26,633,658
16:18:26,634,658
16:18:26,636,658
16:18:26,636,660
16:18:27,638,661
16:18:27,640,662
16:18:27,642,664
16:18:27,643,666
16:18:27,644,666
16:18:28,645,667
16:18:28,647,669
16:18:28,649,669
16:18:28,649,671
16:18:28,649,673
16:18:29,650,673
16:18:29,650,674
16:18:29,652,675
16:18:29,652,676
16:18:29,653,676
16:18:30,653,677
16:18:30,653,677
16:18:30,655,677
16:18:30,656,679
16:18:31,657,680
16:18:31,658,681
16:18:31,659,682
16:18:31,660,682
16:18:31,661,682
16:18:32,662,684
16:18:32,663,686
16:18:32,663,686
16:18:32,665,687
16:18:32,665,689
16:18:33,667,691
16:18:33,668,692
16:18:33,670,694
16:18:33,671,695
16:18:33,673,697
16:18:34,675,699
16:18:34,676,700
16:18:34,678,702
16:18:34,679,702
16:18:34,680,703
16:18:35,680,704
16:18:35,680,705
16:18:35,681,706
16:18:35,681,707
16:18:35,683,708
16:18:36,684,708
16:18:36,686,708
16:18:36,687,710
16:18:36,689,712
16:18:36,690,714
16:18:37,690,714
16:18:37,692,716
16:18:37,693,716
16:18:37,694,718
16:18:37,695,720
16:18:38,695,721
16:18:38,697,722
16:18:38,698,724
16:18:38,699,726
16:18:39,700,727
16:18:39,702,729
16:18:39,704,731
16:18:39,705,733
16:18:39,706,733
16:18:40,707,735
16:18:40,707,737
16:18:40,707,738
16:18:40,707,739
16:18:40,708,740
16:18:41,710,740
16:18:41,711,741
16:18:41,711,743
16:18:41,711,744
16:18:41,712,746
16:18:42,713,746
16:18:42,713,748
16:18:42,714,749
16:18:42,716,750
16:18:42,717,750
16:18:43,717,750
16:18:43,719,750
16:18:43,721,751
16:18:43,721,753
16:18:43,722,755
16:18:44,724,756
16:18:44,724,756
16:18:44,726,756
16:18:44,727,757
16:18:44,729,759
16:18:45,730,760
16:18:45,731,761
16:18:45,733,763
16:18:45,734,764
16:18:45,735,766
16:18:46,735,768
16:18:46,735,768
16:18:46,736,770
16:18:46,738,770
16:18:46,740,771
16:18:47,741,771
16:18:47,742,771
16:18:47,742,773
16:18:47,742,775
16:18:47,743,777
16:18:48,743,777
16:18:48,744,777
16:18:48,744,778
16:18:48,744,779
16:18:48,746,781
16:18:49,747,781
16:18:49,748,783
16:18:49,750,785
16:18:49,752,785
16:18:49,754,785
16:18:50,756,786
16:18:50,758,786
16:18:50,758,787
16:18:50,758,788
16:18:50,759,790
16:18:51,761,790
16:18:51,762,790
16:18:51,764,791
16:18:51,766,792
16:18:51,767,792
16:18:52,768,792
16:18:52,768,793
16:18:52,769,793
16:18:52,771,793
16:18:53,771,794
16:18:53,771,796
16:18:53,773,796
16:18:53,775,796
16:18:53,775,797
16:18:54,775,797
16:18:54,776,799
16:18:54,778,800
16:18:54,779,800
16:18:54,781,802
16:18:55,783,804
16:18:55,783,805
16:18:55,783,806
16:18:55,783,808
16:18:55,783,810
16:18:56,783,810
16:18:56,785,811
16:18:56,786,812
16:18:56,786,813
16:18:56,788,815
16:18:57,789,817
16:18:57,789,819
16:18:57,790,819
16:18:57,790,820
16:18:57,790,822
16:18:58,791,823
16:18:58,793,823
16:18:58,795,825
16:18:58,797,826
16:18:58,797,828
16:18:59,799,828
16:18:59,799,829
16:18:59,801,830
16:18:59,801,830
16:18:59,801,831
16:19:00,801,833
16:19:00,801,835
16:19:00,801,837
16:19:00,801,837
16:19:00,802,838
16:19:01,804,840
16:19:01,804,842
16:19:01,804,842
16:19:01,806,842
16:19:01,806,843
16:19:02,806,843
16:19:02,807,845
16:19:02,807,846
16:19:02,808,847
16:19:02,808,848
16:19:03,809,850
16:19:03,810,850
16:19:03,811,852
16:19:03,813,854
16:19:03,813,856
16:19:04,814,857
16:19:04,816,859
16:19:04,817,859
16:19:04,817,859
16:19:05,819,860
16:19:05,821,862
16:19:05,821,863
16:19:05,823,863
16:19:05,823,865
16:19:06,823,866
16:19:06,825,867
16:19:06,825,869
16:19:06,825,871
16:19:06,826,873
16:19:07,826,873
16:19:07,826,874
16:19:07,827,874
16:19:07,828,874
16:19:07,828,876
16:19:08,830,878
16:19:08,832,879
16:19:08,834,881
16:19:08,836,882
16:19:08,838,884
16:19:09,840,885
16:19:09,841,886
16:19:09,843,886
16:19:09,845,887
16:19:09,845,888
16:19:10,847,890
16:19:10,848,892
16:19:10,849,892
16:19:10,851,893
16:19:10,853,894
16:19:11,853,895
16:19:11,854,897
16:19:11,856,899
16:19:11,857,899
16:19:11,858,899
16:19:12,859,900
16:19:12,860,902
16:19:12,861,904
16:19:12,862,906
16:19:12,864,908
16:19:13,865,910
16:19:13,865,911
16:19:13,866,913
16:19:13,867,915
16:19:13,869,915
16:19:14,870,917
16:19:14,872,919
16:19:14,872,920
16:19:14,872,922
16:19:15,873,924
16:19:15,873,924
16:19:15,874,925
16:19:15,874,926
16:19:15,874,926
16:19:16,875,928
16:19:16,877,930
16:19:16,877,931
16:19:16,879,931
16:19:16,879,932
16:19:17,881,934
16:19:17,882,935
16:19:17,883,936
16:19:17,885,938
16:19:17,885,939
16:19:18,885,939
16:19:18,886,941
16:19:18,888,942
16:19:18,889,944
16:19:18,890,946
16:19:19,892,947
16:19:19,894,947
16:19:19,895,949
16:19:19,897,950
16:19:19,898,952
16:19:20,898,952
16:19:20,899,952
16:19:20,900,954
16:19:20,902,954
16:19:20,904,956
16:19:21,906,956
16:19:21,908,956
16:19:21,910,958
16:19:21,911,959
16:19:21,912,960
16:19:22,914,962
16:19:22,915,963
16:19:22,917,965
16:19:22,917,966
16:19:22,917,966
16:19:23,917,968
16:19:23,918,968
16:19:23,919,970
16:19:23,921,972
16:19:23,923,974
16:19:24,923,976
16:19:24,925,976
16:19:24,927,976
16:19:24,929,978
16:19:25,930,979
16:19:25,931,979
16:19:25,932,981
16:19:25,933,981
16:19:25,933,982
16:19:26,934,983
16:19:26,935,985
16:19:26,937,986
16:19:26,938,986
16:19:26,939,987
16:19:27,940,987
16:19:27,941,987
16:19:27,941,987
16:19:27,941,988
16:19:27,941,988
16:19:28,943,989
16:19:28,944,991
16:19:28,946,991
16:19:28,947,993
16:19:28,948,995
16:19:29,949,996
16:19:29,951,996
16:19:29,951,996
16:19:29,951,996
16:19:29,953,998
16:19:30,954,1000
16:19:30,954,1002
16:19:30,954,1002
16:19:30,954,1002
16:19:30,954,1002
16:19:31,955,1003
16:19:31,956,1004
16:19:31,957,1005
16:19:31,958,1007
16:19:31,960,1007
16:19:32,962,1007
16:19:32,963,1008
16:19:32,963,1010
16:19:32,964,1011
16:19:33,966,1012
16:19:33,968,1012
16:19:33,968,1012
16:19:33,968,1013
16:19:33,969,1014
16:19:34,970,1016
16:19:34,971,1018
16:19:34,972,1020
16:19:34,973,1022
16:19:34,974,1023
16:19:35,975,1025
16:19:35,977,1027
16:19:35,977,1029
16:19:35,977,1029
16:19:35,977,1031
16:19:36,977,1033
16:19:36,978,1035
16:19:36,980,1036
16:19:36,982,1037
16:19:36,983,1039
16:19:37,983,1039
16:19:37,985,1041
16:19:37,987,1041
16:19:37,989,1043
16:19:37,991,1043
16:19:38,991,1044
16:19:38,991,1045
16:19:38,993,1045
16:19:38,995,1047
16:19:38,997,1047
16:19:39,999,1047
16:19:39,1001,1049
16:19:39,1003,1050
16:19:39,1004,1051
16:19:39,1006,1053
16:19:40,1008,1053
16:19:40,1009,1054
16:19:40,1009,1054
16:19:40,1010,1055
16:19:40,1012,1057
16:19:41,1014,1059
16:19:41,1015,1060
16:19:41,1017,1061
16:19:41,1018,1062
16:19:42,1020,1064
16:19:42,1021,1065
16:19:42,1023,1067
16:19:42,1025,1069
16:19:42,1027,1071
16:19:43,1029,1073
16:19:43,1031,1075
16:19:43,1033,1075
16:19:43,1034,1076
16:19:43,1036,1076
16:19:44,1038,1076
16:19:44,1039,1077
16:19:44,1041,1079
16:19:44,1042,1081
16:19:44,1043,1083
16:19:45,1043,1083
16:19:45,1043,1084
16:19:45,1045,1086
16:19:45,1046,1087
16:19:45,1047,1089
16:19:46,1047,1090
16:19:46,1047,1091
16:19:46,1047,1092
16:19:46,1048,1094
16:19:46,1049,1096
16:19:47,1050,1096
16:19:47,1052,1098
16:19:47,1054,1099
16:19:47,1055,1099
16:19:47,1055,1101
16:19:48,1057,1102
16:19:48,1059,1103
16:19:48,1061,1105
16:19:48,1063,1107
16:19:48,1065,1107
16:19:49,1067,1108
16:19:49,1067,1109
16:19:49,1069,1111
16:19:49,1069,1113
16:19:49,1069,1113
16:19:50,1070,1114
16:19:50,1070,1115
16:19:50,1070,1116
16:19:50,1072,1116
16:19:51,1072,1118
16:19:51,1072,1118
16:19:51,1073,1120
16:19:51,1073,1120
16:19:51,1073,1122
16:19:52,1075,1124
16:19:52,1077,1126
16:19:52,1079,1128
16:19:52,1081,1130
16:19:52,1083,1130
16:19:53,1083,1132
16:19:53,1084,1132
16:19:53,1086,1134
16:19:53,1087,1136
16:19:53,1089,1138
16:19:54,1091,1140
16:19:54,1092,1142
16:19:54,1093,1142
16:19:54,1095,1144
16:19:54,1096,1146
16:19:55,1097,1146
16:19:55,1098,1147
16:19:55,1100,1148
16:19:55,1102,1148
16:19:55,1104,1148
16:19:56,1106,1148
16:19:56,1108,1148
16:19:56,1109,1149
16:19:56,1109,1150
16:19:56,1110,1152
16:19:57,1110,1153
16:19:57,1111,1154
16:19:57,1113,1155
2026-02-13 10:10:27.892922,56,5
2026-02-13 10:11:28.396455,1,25
2026-02-13 10:12:29.168250,18,40
2026-02-13 10:13:29.733222,64,33
2026-02-13 10:14:30.278395,62,42
2026-02-13 10:15:30.874380,100,1
2026-02-13 10:16:31.437328,45,16
2026-02-13 10:17:31.959638,23,30
2026-02-13 10:18:32.518207,87,28
2026-02-13 10:19:33.032278,62,8
2026-02-13 10:20:33.671972,55,5
2026-02-13 10:21:34.200134,26,19
2026-02-13 10:22:34.783640,40,42
2026-02-13 10:23:35.338844,65,18
2026-02-13 10:26:04.432058,0,16
2026-02-13 10:27:05.197705,3,22
2026-02-13 10:28:05.900520,90,24
2026-02-13 10:29:06.668068,30,22
2026-02-13 10:30:07.400802,65,9
2026-02-13 10:31:57.041541,71,32
2026-02-13 10:32:57.553057,25,22
2026-02-13 10:33:58.235764,28,20
2026-02-13 10:34:58.765336,33,42
2026-02-13 10:35:59.287568,8,40
2026-02-13 10:36:59.836614,87,40
2026-02-13 10:38:00.386388,0,0
2026-02-13 10:39:00.938098,28,29
2026-02-13 10:40:01.634827,16,16
2026-02-13 10:41:02.227027,77,19
2026-02-13 10:42:02.953382,81,28
2026-02-13 10:43:03.557690,11,20
2026-02-13 10:44:04.088851,15,1
2026-02-13 10:45:32.238821,79,36
2026-02-13 10:46:25.913193,70,28
2026-02-13 10:47:26.425951,52,31
2026-02-13 10:48:27.023008,83,35
2026-02-13 10:49:27.608866,35,48
2026-02-13 10:50:28.129046,83,41
2026-02-13 10:51:28.695982,88,44
2026-02-13 11:18:55.480841,69,19
2026-02-13 11:27:12.305509,2,43
2026-02-13 11:27:58.411958,25,39
2026-02-13 11:28:49.929637,72,47
2026-02-13 11:29:50.433932,28,7
2026-02-13 11:30:50.949574,28,41
2026-02-13 11:31:51.428440,10,43
2026-02-13 11:32:51.903283,34,9
2026-02-13 11:33:52.413153,4,16
2026-02-13 11:34:53.005263,69,45
2026-02-13 11:35:53.530347,24,22
2026-02-13 11:36:54.038548,78,39
2026-02-13 11:37:54.729293,1,29
2026-02-13 11:38:55.206518,43,40
2026-02-13 11:40:12.217205,69,15
2026-02-13 11:41:12.994973,94,16
2026-02-13 11:42:13.690727,8,3
2026-02-13 11:43:14.416990,76,23
2026-02-13 11:44:15.140218,15,43
2026-02-13 11:45:15.874782,40,23
2026-02-13 11:45:49.701538,21,47
2026-02-13 11:46:50.365143,68,5
2026-02-13 11:52:04.298680,49,24
2026-02-13 11:53:04.848038,29,16
2026-02-13 11:54:05.325074,100,23
2026-02-13 11:55:05.889728,53,37
2026-02-13 11:56:06.408142,100,36
2026-02-13 11:56:26.936287,46,46
2026-02-13 11:56:30.924295,80,5
2026-02-13 11:57:31.599824,35,21
2026-02-13 11:58:32.274969,28,37
2026-02-13 11:59:31.242612,77,1
2026-02-13 12:00:31.743969,68,40
2026-02-13 12:01:19.392163,17,43
2026-02-13 12:02:20.144525,26,37
2026-02-13 12:03:33.559646,73,34
2026-02-13 12:04:34.316437,36,20
2026-02-13 12:05:35.143921,90,0
2026-02-13 12:06:11.687774,15,46
2026-02-13 12:07:12.262907,54,35
2026-02-13 12:07:39.353780,1,48
2026-02-13 12:08:39.906563,45,34
2026-02-13 12:09:55.472645,99,47
2026-02-13 12:10:56.261155,55,17
2026-02-13 12:11:23.808356,52,8
2026-02-13 12:12:24.532565,73,2
2026-02-13 12:13:25.340243,56,2
2026-02-13 12:14:26.102550,94,48
2026-02-13 12:15:26.806178,53,24
2026-02-13 12:16:27.579627,17,44
2026-02-13 12:17:28.343339,16,0
2026-02-13 12:18:29.153814,25,32
2026-02-13 12:19:29.902415,36,18
2026-02-13 12:20:30.625906,91,17
2026-02-13 12:21:31.311216,17,45
2026-02-13 12:22:32.122621,90,12
2026-02-13 12:23:32.843291,80,49
2026-02-13 12:24:33.707457,56,50
2026-02-13 12:25:34.532178,45,32
2026-02-13 12:26:35.256460,58,50
2026-02-13 12:27:35.961296,13,11
2026-02-13 12:28:36.652658,97,20
2026-02-13 12:29:37.391900,6,20
2026-02-13 12:30:38.111106,13,20
2026-02-13 12:31:38.772223,49,31
2026-02-13 12:32:39.889398,26,28
2026-02-13 12:33:40.589787,46,10
2026-02-13 12:34:41.296468,65,6
2026-02-13 12:35:41.970701,81,10
2026-02-13 12:36:48.470790,65,19
2026-02-13 12:37:49.169693,18,17
2026-02-13 12:38:49.907190,97,27
2026-02-13 12:39:50.635144,92,1
2026-02-13 12:40:51.371081,40,17
2026-02-13 12:41:52.066756,37,27
2026-02-13 12:42:52.753428,80,20
2026-02-13 12:43:53.448625,94,30
2026-02-13 12:44:54.122643,81,33
2026-02-13 12:45:54.809637,73,13
2026-02-13 12:46:55.602203,69,23
2026-02-13 12:47:56.361773,59,12
2026-02-13 12:48:57.096273,87,21
2026-02-13 12:49:57.758667,53,28
2026-02-13 12:50:58.482055,3,49
2026-02-13 12:51:59.161106,39,17
2026-02-13 12:52:59.844099,0,42
2026-02-13 12:54:00.534555,42,31
2026-02-13 12:55:01.266597,6,46
2026-02-13 12:56:02.093112,2,23
2026-02-13 12:57:02.786721,98,22
2026-02-13 12:58:03.474481,13,31
2026-02-13 12:59:04.207694,79,16
2026-02-13 13:00:04.916949,14,8
2026-02-13 13:01:05.650204,3,29
2026-02-13 13:02:06.341184,63,40
2026-02-13 13:03:07.084145,7,50
2026-02-13 13:04:07.837907,82,36
2026-02-13 13:05:08.516618,49,11
2026-02-13 13:06:09.241147,66,36
2026-02-13 13:07:09.975647,53,2
2026-02-13 13:08:10.702480,73,15
2026-02-13 13:09:11.521918,82,7
2026-02-13 13:10:12.309647,31,48
2026-02-13 13:11:13.045584,37,50
2026-02-13 13:12:13.814488,1,31
2026-02-13 13:13:14.622114,85,23
2026-02-13 13:14:15.316183,72,16
2026-02-13 13:15:16.019889,80,15
2026-02-13 13:16:16.752777,7,29
2026-02-13 13:17:17.490200,8,28
2026-02-13 13:18:18.237555,100,10
2026-02-13 13:19:18.990520,63,20
2026-02-13 13:20:19.740510,72,29
2026-02-13 13:21:20.509659,67,15
2026-02-13 13:22:21.233109,75,5
2026-02-13 13:23:21.966909,87,21
2026-02-13 13:24:22.663083,32,6
2026-02-13 13:25:23.357763,69,39
2026-02-13 13:26:24.130986,1,18
2026-02-13 13:27:24.802475,80,27
2026-02-13 13:28:25.487274,88,27
2026-02-13 13:29:26.251788,8,26
2026-02-13 13:30:27.016547,10,21
2026-02-13 13:31:27.805445,76,45
2026-02-13 13:32:28.687323,42,37
2026-02-13 13:33:29.464412,42,33
2026-02-13 13:34:30.170554,80,23
2026-02-13 13:35:31.039488,84,26
2026-02-13 13:36:31.792567,87,36
2026-02-13 13:37:32.476593,12,19
2026-02-13 13:38:33.293849,98,32
2026-02-13 13:39:34.110147,28,6
2026-02-13 13:40:34.763616,43,8
2026-02-13 13:41:35.447423,100,18
2026-02-13 13:42:36.105860,11,6
2026-02-13 13:43:36.855528,78,38
2026-02-13 13:44:37.614667,31,39
2026-02-13 13:45:38.439670,59,23
2026-02-13 13:46:39.123768,67,24
2026-02-13 13:47:39.794816,44,25
2026-02-13 13:48:40.513799,16,26
2026-02-13 13:49:41.270669,59,17
2026-02-13 13:50:41.984579,46,27
2026-02-13 13:51:42.771256,27,1
2026-02-13 13:52:43.435687,27,28
2026-02-13 13:53:44.149182,4,20
2026-02-13 13:54:44.952864,100,29
2026-02-13 13:55:45.611937,44,6
2026-02-13 13:56:46.349362,11,2
2026-02-13 13:57:47.113451,64,41
2026-02-13 13:58:47.813325,74,16
2026-02-13 13:59:48.561342,81,31
2026-02-13 14:00:49.238118,16,6
2026-02-13 14:01:49.976698,4,32
2026-02-13 14:02:50.648328,65,23
2026-02-13 14:03:51.284493,70,13
2026-02-13 14:04:52.005434,17,3
2026-02-13 14:05:52.813010,86,38
2026-02-13 14:06:53.616436,6,9
2026-02-13 14:07:54.351387,79,28
2026-02-13 14:08:55.053751,14,3
2026-02-13 14:09:55.739919,40,34
2026-02-13 14:10:56.430503,60,17
2026-02-13 14:11:57.214766,66,16
2026-02-13 14:12:58.085685,50,11
2026-02-13 14:13:58.816887,85,28
2026-02-13 14:14:59.544495,14,32
2026-02-13 14:16:00.261484,67,10
2026-02-13 14:17:00.975163,30,22
2026-02-13 14:18:01.788441,5,2
2026-02-13 14:19:02.581747,25,45
2026-02-13 14:20:03.397877,16,37
2026-02-13 14:21:04.257534,40,15
2026-02-13 14:22:05.241014,21,32
2026-02-13 14:23:06.063886,0,16
2026-02-13 14:24:06.866765,35,29
2026-02-13 14:25:07.743799,39,34
2026-02-13 14:26:08.578475,63,45
2026-02-13 14:27:09.517253,26,13
2026-02-13 14:28:10.419866,70,46
2026-02-13 14:28:42.967110,76,49
2026-02-13 14:29:43.628793,83,25
2026-02-13 14:30:44.271725,62,13
2026-02-13 14:31:44.922226,54,32
2026-02-13 14:32:45.467709,4,38
2026-02-13 14:33:46.040335,17,7
2026-02-13 14:34:46.655195,28,41
2026-02-13 14:35:47.231372,11,32
2026-02-13 14:36:47.793567,56,40
2026-02-13 14:37:48.368049,18,16
2026-02-13 14:38:48.936031,45,40
2026-02-13 14:39:49.540770,48,23
2026-02-13 14:40:50.072526,81,10
2026-02-13 14:41:50.728771,0,34
2026-02-13 14:42:51.848829,80,44
2026-02-13 14:43:52.471424,22,33
2026-02-13 14:44:53.129050,42,46
2026-02-13 14:45:53.779799,74,34
2026-02-13 14:46:54.374572,59,22
2026-02-13 14:47:54.972078,53,50
2026-02-13 14:48:55.566241,24,2
2026-02-13 14:49:56.202163,91,43
2026-02-13 14:50:56.746094,28,0
2026-02-13 14:51:57.259869,55,7
2026-02-13 14:52:57.837082,25,50
2026-02-13 14:53:58.430105,81,22
2026-02-13 14:54:58.974827,5,2
2026-02-13 14:55:59.648355,60,29
2026-02-13 14:57:00.244524,66,24
2026-02-13 14:58:00.923591,19,49
2026-02-13 14:59:01.514305,79,20
2026-02-13 15:00:02.129711,6,28
2026-02-13 15:01:03.272009,80,15
2026-02-13 15:02:03.923804,92,0
2026-02-13 15:03:04.524332,35,2
2026-02-13 15:04:05.080979,75,11
2026-02-13 15:05:05.698574,28,8
2026-02-13 15:06:06.333063,50,31
2026-02-13 15:07:06.914125,54,17
2026-02-13 15:08:07.500405,85,44
2026-02-13 15:09:08.158012,19,16
2026-02-13 15:10:08.788349,0,29
2026-02-13 15:11:09.326101,33,35
2026-02-13 15:12:09.895197,33,39
2026-02-13 15:13:10.530739,0,22
2026-02-13 15:14:11.177309,0,22
2026-02-13 15:15:11.752161,32,39
2026-02-13 15:16:12.356100,91,5
2026-02-13 15:17:13.017593,93,42
2026-02-13 15:18:13.591860,43,4
2026-02-13 15:19:14.154956,80,3
2026-02-13 15:20:14.788430,24,50
2026-02-13 15:21:15.389570,79,49
2026-02-13 15:22:15.968136,96,25
2026-02-13 15:23:16.600183,3,38
2026-02-13 15:24:17.198846,75,23
2026-02-13 15:25:17.794125,22,14
2026-02-13 15:26:18.398904,76,26
2026-02-13 15:27:18.999271,97,21
2026-02-13 15:28:19.560411,76,39
2026-02-13 15:29:20.133021,54,15
2026-02-13 15:30:20.699966,69,39
2026-02-13 15:31:21.278272,46,18
2026-02-13 15:32:21.873317,70,49
2026-02-13 15:33:22.519701,76,8
2026-02-13 15:34:23.141859,67,0
2026-02-13 15:35:23.730699,31,4
2026-02-13 15:36:24.246180,72,27
2026-02-13 15:37:24.857692,95,37
2026-02-13 15:38:25.478884,78,40
2026-02-13 15:39:26.079248,9,1
2026-02-13 15:40:26.806642,26,49
2026-02-13 15:41:27.375191,49,34
2026-02-13 15:42:27.948345,26,23
2026-02-13 15:43:28.502512,59,0
2026-02-13 15:44:29.081085,43,44
2026-02-13 15:45:29.778565,69,40
2026-02-13 15:46:30.366270,49,28
2026-02-13 15:47:30.956497,46,30
2026-02-13 15:48:31.522570,74,22
2026-02-13 15:49:32.108245,79,37
2026-02-13 15:50:32.773519,76,27
2026-02-13 15:51:33.433474,39,6
2026-02-13 15:52:34.009631,50,42
2026-02-13 15:53:34.606289,84,5
2026-02-13 15:54:35.206046,67,50
2026-02-13 15:55:35.980758,50,29
2026-02-13 15:56:36.584156,9,24
2026-02-13 15:57:37.196185,4,28
2026-02-13 15:58:37.781168,2,5
2026-02-13 15:59:38.387489,57,9
2026-02-13 16:00:38.949330,80,32
2026-02-13 16:01:39.574422,36,48
2026-02-13 16:02:40.117879,60,11
2026-02-13 16:03:40.665898,95,28
2026-02-13 16:04:41.252328,66,14
2026-02-13 16:05:41.843988,35,28
2026-02-13 16:06:42.428061,13,1
2026-02-13 16:07:43.016459,79,49
2026-02-13 16:08:43.599981,92,48
2026-02-13 16:09:44.173747,65,2
2026-02-13 16:10:44.853944,94,39
2026-02-13 16:11:45.419947,88,3
2026-02-13 16:12:46.017850,99,40
2026-02-13 16:13:46.597652,21,2
2026-02-13 16:14:47.257586,15,23
2026-02-13 16:15:47.902383,69,45
2026-02-13 16:16:48.511584,52,34
2026-02-13 16:17:49.250613,30,26
2026-02-13 16:18:49.855394,16,40
2026-02-13 16:19:50.556850,14,50
2026-02-13 16:20:51.091697,34,43
2026-02-13 16:21:51.670170,78,21
2026-02-13 16:22:52.286089,35,44
2026-02-13 16:23:52.879989,57,2
2026-02-13 16:24:53.423539,71,47
2026-02-13 16:25:53.946847,12,45
2026-02-13 16:26:54.541615,78,41
2026-02-13 16:27:55.119699,25,36
2026-02-13 16:28:54.101492,22,12
2026-02-13 16:29:54.710828,57,21
2026-02-13 16:30:55.295836,11,9
2026-02-13 16:31:55.888693,40,31
2026-02-13 16:32:56.480647,65,19
2026-02-13 16:33:57.093417,81,47
2026-02-13 16:34:57.638564,44,11
2026-02-13 16:35:58.275657,84,12
2026-02-13 16:36:58.830884,64,3
2026-02-13 16:37:59.455444,44,9
2026-02-13 16:38:59.970582,54,6
2026-02-13 16:40:00.519751,60,34
2026-02-13 16:41:01.176377,34,36
2026-02-13 16:42:01.827141,2,6
2026-02-13 16:43:02.436878,13,13
2026-02-13 16:44:03.108086,7,27
2026-02-13 16:45:03.664782,34,47
2026-02-13 16:46:04.271130,59,29
2026-02-13 16:47:04.950120,9,46
2026-02-13 16:48:05.495356,21,37
2026-02-13 16:49:06.154184,2,44
2026-02-13 16:50:06.720214,9,4
2026-02-13 16:51:07.272775,61,33
2026-02-13 16:52:07.874663,77,35
2026-02-13 16:53:08.427786,46,18
2026-02-13 16:54:09.044719,48,46
2026-02-13 16:55:09.616523,8,29
2026-02-13 16:56:10.308759,4,18
2026-02-13 16:57:10.898726,40,9
2026-02-13 16:58:11.509848,45,38
2026-02-13 16:59:12.118809,89,36
2026-02-13 17:00:12.732143,83,1
2026-02-13 17:01:13.279560,20,29
2026-02-13 17:02:13.868039,31,16
2026-02-13 17:03:14.478497,77,34
2026-02-13 17:04:15.080126,17,7
2026-02-13 17:05:15.697968,33,36
2026-02-13 17:06:16.367887,19,46
2026-02-13 17:07:16.954254,56,39
2026-02-13 17:08:17.568215,86,21
2026-02-13 17:09:18.207980,72,39
2026-02-13 17:10:18.771235,27,7
2026-02-13 17:11:19.490246,92,16
2026-02-13 17:12:20.087243,99,36
2026-02-13 17:13:20.613227,98,2
2026-02-13 17:14:21.294981,51,17
2026-02-13 17:15:21.965099,94,47
2026-02-13 17:16:22.595133,66,24
2026-02-13 17:17:23.164498,33,39
2026-02-13 17:18:23.724843,60,1
2026-02-13 17:19:24.270572,36,7
2026-02-13 17:20:24.807390,20,2
2026-02-13 17:21:25.384863,8,31
2026-02-13 17:22:25.943755,71,23
2026-02-13 17:23:26.471965,56,1
2026-02-13 17:24:27.084181,19,50
2026-02-13 17:25:27.651243,7,26
2026-02-13 17:26:28.221920,94,47
2026-02-13 17:27:28.780213,98,19
2026-02-13 17:28:29.428642,35,13
2026-02-13 17:29:30.008675,17,4
2026-02-13 17:30:30.591668,4,12
2026-02-13 17:31:31.148054,22,15
2026-02-13 17:32:31.707030,4,20
2026-02-13 17:33:32.293330,76,18
2026-02-13 17:34:32.804109,96,30
2026-02-13 17:35:33.391646,45,32
2026-02-13 17:36:33.980676,56,25
2026-02-13 17:37:34.564466,59,17
2026-02-13 17:38:35.167300,28,9
2026-02-13 17:39:35.752439,75,49
2026-02-13 17:40:36.352913,4,10
2026-02-13 17:41:36.898590,85,49
2026-02-13 17:42:37.561580,7,18
2026-02-13 17:43:38.081098,62,46
2026-02-13 17:44:38.681340,83,5
2026-02-13 17:45:39.267084,82,5
2026-02-13 17:46:39.867036,25,1
2026-02-13 17:47:40.526529,84,20
2026-02-13 17:48:41.091782,52,8
2026-02-13 17:49:41.616052,10,37
2026-02-13 17:50:42.189427,60,9
2026-02-13 17:51:42.726812,51,45
2026-02-13 17:52:43.256370,5,45
2026-02-13 17:53:43.819928,56,47
2026-02-13 17:54:44.331793,21,29
2026-02-13 17:55:44.881066,72,14
2026-02-13 17:56:45.444393,70,8
2026-02-13 17:57:45.990180,95,9
2026-02-13 17:58:46.579588,58,12
2026-02-13 17:59:47.115621,69,28
2026-02-13 18:00:47.748611,85,28
2026-02-13 18:01:48.466402,41,0
2026-02-13 18:02:49.045110,60,22
2026-02-13 18:03:49.637161,67,23
2026-02-13 18:04:50.218236,62,37
2026-02-13 18:05:50.808851,89,4
2026-02-13 18:06:51.421004,96,0
2026-02-13 18:06:52.865475,43,23
2026-02-13 18:07:53.580985,12,19
2026-02-13 18:08:54.298262,29,30
2026-02-13 18:09:55.064809,62,25
2026-02-13 18:10:55.755496,71,33
2026-02-13 18:11:56.460043,80,34
2026-02-13 18:12:57.194530,69,12
2026-02-13 18:13:57.958786,28,16
2026-02-13 18:14:58.760758,90,45
2026-02-13 18:15:59.446138,8,46
2026-02-13 18:17:00.145476,0,15
2026-02-13 18:18:00.893903,3,29
2026-02-13 18:19:01.660587,58,22
2026-02-13 18:20:02.408918,4,46
2026-02-13 18:21:03.196435,78,32
2026-02-13 18:22:03.871031,48,2
2026-02-13 18:23:04.591399,10,12
2026-02-13 18:24:05.282265,54,31
2026-02-13 18:25:06.000267,48,44
2026-02-13 18:26:06.744375,43,42
2026-02-13 18:27:07.512287,82,10
2026-02-13 18:28:08.230488,90,41
2026-02-13 18:29:08.921090,74,24
2026-02-13 18:30:09.666137,89,6
2026-02-13 18:31:10.421801,18,40
2026-02-13 18:32:11.334033,96,10
2026-02-13 18:33:12.109269,6,50
2026-02-13 18:34:12.897929,13,46
2026-02-13 18:35:13.705255,74,44
2026-02-13 18:36:14.406321,5,16
2026-02-13 18:37:15.141588,50,4
2026-02-13 18:38:15.869935,43,38
2026-02-13 18:39:16.572460,10,24
2026-02-13 18:40:17.241966,86,9
2026-02-13 18:41:17.932214,10,42
2026-02-13 18:42:18.616086,38,35
2026-02-13 18:43:19.310692,19,26
2026-02-13 18:44:20.017719,76,47
2026-02-13 18:45:20.694670,29,44
2026-02-13 18:46:21.370922,9,26
2026-02-13 18:47:22.028973,89,30
2026-02-13 18:48:22.810142,68,3
2026-02-13 18:49:23.572037,69,9
2026-02-13 18:50:24.254450,61,5
2026-02-13 18:51:24.998884,65,25
2026-02-13 18:52:25.743251,17,41
2026-02-13 18:53:26.448696,64,27
2026-02-13 18:54:27.161589,28,30
2026-02-13 18:55:27.845146,56,0
2026-02-13 18:56:28.532804,74,10
2026-02-13 18:57:29.243306,84,11
2026-02-13 18:58:29.924651,67,0
2026-02-13 18:59:30.655617,45,28
2026-02-13 19:00:31.377605,86,10
2026-02-13 19:01:32.116023,75,47
2026-02-13 19:02:32.806708,77,41
2026-02-13 19:03:33.584374,95,28
2026-02-13 19:04:34.274514,62,24
2026-02-13 19:05:34.966521,90,31
2026-02-13 19:06:35.824918,38,23
2026-02-13 19:07:36.601673,54,28
2026-02-13 19:08:37.287658,92,21
2026-02-13 19:09:38.038967,6,41
2026-02-13 19:10:38.786209,99,16
2026-02-13 19:11:39.468844,4,40
2026-02-13 19:12:40.219883,1,12
2026-02-13 19:13:40.924595,58,25
2026-02-13 19:14:41.673267,19,9
2026-02-13 19:15:42.417756,43,44
2026-02-13 19:16:43.206015,36,28
2026-02-13 19:17:43.882055,90,4
2026-02-13 19:18:44.620629,53,17
2026-02-13 19:19:45.395804,36,45
2026-02-13 19:20:46.176776,70,20
2026-02-13 19:21:46.888371,72,2
2026-02-13 19:22:47.622269,10,27
2026-02-13 19:23:48.403608,58,22
2026-02-13 19:24:49.096696,2,41
2026-02-13 19:25:49.799052,55,42
2026-02-13 19:26:50.467217,52,0
2026-02-13 19:27:51.168927,22,37
2026-02-13 19:28:51.895336,8,46
2026-02-13 19:29:52.611273,94,1
2026-02-13 19:30:53.320787,59,34
2026-02-13 19:31:54.027932,4,21
2026-02-13 19:32:54.766213,9,47
2026-02-13 19:33:55.463653,52,16
2026-02-13 19:34:56.189921,21,48
2026-02-13 19:35:56.896776,10,27
2026-02-13 19:36:57.572753,60,1
2026-02-13 19:37:58.299395,10,40
2026-02-13 19:38:59.109007,27,37
2026-02-13 19:39:59.789642,90,48
2026-02-13 19:41:00.510344,22,14
2026-02-13 19:42:01.345010,91,32
2026-02-13 19:43:02.036705,14,28
2026-02-13 19:44:02.764237,19,35
2026-02-13 19:45:03.474246,38,6
2026-02-13 19:46:04.160658,26,42
2026-02-13 19:47:04.920406,68,26
2026-02-13 19:48:05.672408,64,17
2026-02-13 19:49:06.408143,84,17
2026-02-13 19:50:07.154402,76,0
2026-02-13 19:51:07.921616,74,0
2026-02-13 19:52:08.638433,67,28
2026-02-13 19:53:09.356516,88,7
2026-02-13 19:54:10.146021,65,30
2026-02-13 19:55:10.821731,55,15
2026-02-13 19:56:11.604299,98,30
2026-02-13 19:57:12.245569,88,21
2026-02-13 19:58:12.970456,46,3
2026-02-13 19:59:13.699263,87,2
2026-02-13 19:59:58.694747,36,31
2026-02-13 20:00:59.245416,30,30
2026-02-13 20:01:59.751545,4,30
2026-02-13 20:03:00.273027,10,37
2026-02-13 20:04:00.797888,75,45
2026-02-13 20:05:01.316336,44,4
2026-02-13 20:06:01.853044,83,10
2026-02-13 20:07:02.420025,98,20
2026-02-13 20:08:02.970062,64,36
2026-02-13 20:09:03.531042,69,45
2026-02-13 20:10:04.078682,25,7
2026-02-13 20:11:04.646016,6,16
2026-02-13 20:12:05.170237,100,18
2026-02-13 20:13:05.788631,22,20
2026-02-13 20:14:06.386690,71,14
2026-02-13 20:15:06.940548,55,36
2026-02-13 20:16:07.442346,85,20
2026-02-13 20:17:07.978919,56,8
2026-02-13 20:18:08.549268,13,27
2026-02-13 20:19:09.042419,79,44
2026-02-13 20:20:09.552407,57,11
2026-02-13 20:21:10.025432,43,22
2026-02-13 20:22:10.624348,13,9
2026-02-13 20:23:11.350416,13,33
2026-02-13 20:24:11.924727,84,42
2026-02-13 20:25:12.519385,39,32
2026-02-13 20:26:13.101640,13,16
2026-02-13 20:27:13.634688,100,13
2026-02-13 20:28:14.225871,55,38
2026-02-13 20:29:14.795925,87,13
2026-02-13 20:30:15.382193,35,2
2026-02-13 20:31:15.926871,83,35
2026-02-13 20:32:16.463933,11,0
2026-02-13 20:33:16.972800,29,2
2026-02-13 20:34:17.521765,62,36
2026-02-13 20:35:18.104264,72,25
2026-02-13 20:36:18.696643,12,41
2026-02-13 20:37:19.327859,81,46
2026-02-13 20:38:19.811206,35,33
2026-02-13 20:39:20.347579,80,40
2026-02-13 20:40:20.944588,34,50
2026-02-13 20:41:21.491320,48,19
2026-02-13 20:42:22.016296,41,27
2026-02-13 20:43:22.518571,69,17
2026-02-13 20:44:23.112873,50,44
2026-02-13 20:45:23.590952,26,5
2026-02-13 20:46:24.079474,76,19
2026-02-13 20:47:24.571815,4,7
2026-02-13 20:48:25.065261,40,3
2026-02-13 20:49:25.554459,71,24
2026-02-13 20:50:26.061674,61,44
2026-02-13 20:51:26.594002,39,41
2026-02-13 20:52:27.072013,81,21
2026-02-13 20:53:27.621380,84,16
2026-02-13 20:54:28.100672,99,12
2026-02-13 20:55:28.593490,50,29
2026-02-13 20:56:29.126116,41,44
2026-02-13 20:57:29.650014,11,21
2026-02-13 20:58:30.159362,50,8
2026-02-13 20:59:30.632107,64,30
2026-02-13 21:00:31.149924,92,43
2026-02-13 21:01:31.667397,58,11
